Title,Description,Link,Image URL,Board,Date
"Unlikely Friendship on a Road Trip: Discover the Magic of Green Book","What happens when a tough Italian-American bouncer drives a refined African-American pianist through the 1960s Deep South? Dive into the heartwarming and humorous adventures of 'Green Book,' where friendship transcends racial divides. Can this duo overcome the challenges of a segregated America? Watch and find out! #movies #whattowatch",https://filmospere.com/movie/green-book-2018,https://image.tmdb.org/t/p/w500/7BsvSuDQuoqhWmU2fL7W2GOcZHU.jpg,Best Movies to Watch,2026-02-21T2:30:00
"Pathaan: The Action Thriller You Can't Miss!","Have you ever witnessed an action-packed saga that keeps you at the edge of your seat? Pathaan is here to redefine thrill with breathtaking stunts and twists. Are you ready for the adventure of a lifetime? Discover the excitement and unravel the mystery. #movies #whattowatch",https://filmospere.com/movie/pathaan-2023,https://image.tmdb.org/t/p/w500/arf00BkwvXo0CFKbaD9OpqdE4Nu.jpg,Best Movies to Watch,2026-02-21T6:30:00
"Rediscover Home: Swades Will Touch Your Heart!","Ever wondered what it takes to find your roots in a world you left behind? In 'Swades', an NRI scientist returns to his country and embarks on a journey of self-discovery and social change. Experience the emotional symphony of belonging, love, and duty. Ready for an inspiring ride? #Swades #Drama #Music #movies #whattowatch",https://filmospere.com/movie/swades-2004,https://image.tmdb.org/t/p/w500/yUSL24kpHc9Nls4Pohia4shgcIM.jpg,Best Movies to Watch,2026-02-21T9:30:00
"This Love Story Defies All Odds: My Name Is Khan","Are you ready for a journey that challenges stereotypes and celebrates love? My Name Is Khan follows Rizwan, a man with Asperger's, as he embarks on a mission across America to prove his innocence and win back his love. Discover how one man's determination can change perceptions forever. #movies #whattowatch #drama #romance",https://filmospere.com/movie/my-name-is-khan-2010,https://image.tmdb.org/t/p/w500/5Y36lCiNyyV71mjq6LavgiggbhT.jpg,Best Movies to Watch,2026-02-21T5:30:00
"Relive the Epic Summer: High School Musical 2 Adventure!","Ready for a summer of fun, friendship, and unforgettable music? Dive into the world of Troy, Gabriella, and the Wildcats as they tackle new challenges at the country club. Will their summer break bring them closer or tear them apart? Get ready to sing along and find out! #movies #whattowatch #musicalvibes",https://filmospere.com/movie/high-school-musical-2-2007,https://image.tmdb.org/t/p/w500/la2kiVWDm2vuB4APZDgCCmuBh4K.jpg,Best Movies to Watch,2026-02-21T9:30:00
"Discover the Quirky Heart of Jojo Rabbit!","What happens when a young Nazi finds his world turned upside down by an imaginary friend and a hidden secret? Dive into the whimsical yet poignant world of Jojo Rabbit, where comedy meets drama in the most unexpected ways. Can humor and humanity thrive in the darkest times? Find out now! #movies #whattowatch",https://filmospere.com/movie/jojo-rabbit-2019,https://image.tmdb.org/t/p/w500/7GsM4mtM0worCtIVeiQt28HieeN.jpg,Best Movies to Watch,2026-02-22T2:30:00
"Epic Love Story That Transcends Borders!","Have you seen the timeless romance of Veer-Zaara? Dive into a tale where love defies all odds and borders. Discover how a selfless airman and a spirited village girl challenge tradition and fate. Will their love triumph? Watch to find out! #RomanticDrama #EpicLove #movies #whattowatch",https://filmospere.com/movie/veer-zaara-2004,https://image.tmdb.org/t/p/w500/j267YqLvKAHeyykTflxzpgVgviQ.jpg,Best Movies to Watch,2026-02-22T6:30:00
"Uncover the Secrets in Magnolia's Web of Fate!","Have you ever wondered how a series of seemingly random events can be interconnected? Dive into 'Magnolia' and explore the lives of strangers whose destinies are intertwined in the most unexpected ways. What mysteries will unravel in this gripping drama? #movies #whattowatch",https://filmospere.com/movie/magnolia-1999,https://image.tmdb.org/t/p/w500/tpfC325Jk6S38VTe5dDWjWtoyxr.jpg,Best Movies to Watch,2026-02-22T9:30:00
"Discover the Hidden Secrets of Get Out - A Must-See Thriller!","Are you ready to unravel the chilling mystery behind Get Out? Dive into this gripping thriller where nothing is as it seems. Can Chris escape the eerie secrets of his girlfriend's family, or will he fall victim to their sinister plans? Don't miss out on this spine-tingling cinematic experience! #movies #whattowatch",https://filmospere.com/movie/get-out-2017,https://image.tmdb.org/t/p/w500/tFXcEccSQMf3lfhfXKSU9iRBpa3.jpg,Best Movies to Watch,2026-02-22T5:30:00
"Uncover the Chilling Truth Behind 'Silenced' - Must Watch Drama!","Have you ever witnessed a story so powerful it demands justice? 'Silenced' exposes a harrowing true tale that will leave you speechless and questioning the system. Dive into this gripping drama where bravery battles against silence. Ready for an emotional rollercoaster? #movies #whattowatch",https://filmospere.com/movie/silenced-2011,https://image.tmdb.org/t/p/w500/mbMp0oIFmYnw0i5gzRoKt8cH5ve.jpg,Best Movies to Watch,2026-02-22T9:30:00
"Discover the Hidden Meanings in The Babadook!","Can you survive the psychological rollercoaster of The Babadook? Dive into this chilling tale where a sinister storybook comes to life, challenging a mother and her son in unimaginable ways. Are you brave enough to uncover the truth behind the monster? #movies #whattowatch #horror #drama",https://filmospere.com/movie/the-babadook-2014,https://image.tmdb.org/t/p/w500/qt3fqapeo94TfvMyld8P7gkpXLz.jpg,Best Movies to Watch,2026-02-23T2:30:00
"Uncover the Chilling Mystery of 'Nope' - Can You Handle the Truth?","Dive into the eerie world of 'Nope', where reality bends and the unknown lurks. Will you dare to explore the chilling secrets hidden beneath the surface? Get ready for a spine-tingling experience that will leave you questioning everything. Are you brave enough to face the horror? #movies #whattowatch",https://filmospere.com/movie/nope-2022,https://image.tmdb.org/t/p/w500/AcKVlWaNVVVFQwro3nLXqPljcYA.jpg,Best Movies to Watch,2026-02-23T6:30:00
"Vgly: The Comedy Drama Everyone Will Be Talking About!","Ready to laugh and cry all at once? Dive into the wild world of 'Vgly,' where life's imperfections lead to unexpected hilarity and heartfelt moments. What makes us truly beautiful? Discover the answer in this must-see film of 2023! #VglyMovie #ComedyDrama #movies #whattowatch",https://filmospere.com/movie/vgly-2023,https://image.tmdb.org/t/p/w500/SYvwtsk4vWPAtB0wlgLlecWCFc.jpg,Best Movies to Watch,2026-02-23T9:30:00
"Meet the Criminal Wolves: A Howl of Laughter Awaits!","Ready for a wild ride? Dive into the hilarious chaos of 'Wolfs', where crime meets comedy in the most unexpected ways. Can this misfit pack pull off the perfect heist, or will their antics get the best of them? Find out in this must-watch 2024 blockbuster! #movies #whattowatch",https://filmospere.com/movie/wolfs-2024,https://image.tmdb.org/t/p/w500/vOX1Zng472PC2KnS0B9nRfM8aaZ.jpg,Best Movies to Watch,2026-02-23T5:30:00
"Uncover the Secrets in 'Monster': A Dark Animated Drama!","Have you ever wondered what lies beneath the surface of a quiet town? Dive into the gripping animated world of 'Monster' where crime, mystery, and drama unfold in unexpected ways. Can you solve the enigma before it's too late? Discover the twisted tale that keeps everyone talking. #movies #whattowatch #animation #crime #mystery",https://filmospere.com/movie/monster-2004,https://image.tmdb.org/t/p/w500/n5XNKXnoXpoXyfiCtXHOf8q8PFM.jpg,Best Movies to Watch,2026-02-23T9:30:00
"Tiny Trouble: Kids Shrunk to Bug Size in Backyard Adventure!","Remember when a backyard became a jungle? Dive into the miniature mayhem of 'Honey, I Shrunk the Kids' where a scientist's invention turns his children into pint-sized adventurers! Can they survive the oversized world and return to normal? Rediscover this classic family adventure! #movies #whattowatch",https://filmospere.com/movie/honey-i-shrunk-the-kids-1989,https://image.tmdb.org/t/p/w500/omQOzahi2NIeiYznNxHFDvNbvo6.jpg,Best Movies to Watch,2026-02-24T2:30:00
"Boston Legal: The Comedy-Drama You Can't Miss!","Ever wondered what happens when hilarity and courtroom drama collide? Dive into 'Boston Legal' where legal battles meet outrageous antics. Can Alan Shore charm his way out of trouble again? Discover a series that redefines legal drama with wit and humor. Binge-worthy moments await! #movies #whattowatch",https://filmospere.com/movie/boston-legal-2004,https://image.tmdb.org/t/p/w500/eQyJoKFGUTlytx9f2zNjqmMOR82.jpg,Best Movies to Watch,2026-02-24T6:30:00
"Uncover Alien Secrets Hidden in Our History!","Are ancient civilizations proof of extraterrestrial visits? Dive into the mysteries of the past with 'Ancient Aliens' and explore the unexplained! From pyramids to ancient texts, could aliens have shaped our history? #movies #whattowatch #aliens #mystery",https://filmospere.com/movie/ancient-aliens-2010,https://image.tmdb.org/t/p/w500/8yR1FK6z1Gx0pyvyXRJrvbxOyuU.jpg,Best Movies to Watch,2026-02-24T9:30:00
"Unravel Mysteries with Bungo Stray Dogs: Are You Ready?","Get ready to dive into the thrilling world of Bungo Stray Dogs! Can a group of gifted misfits solve the city's darkest mysteries and take down sinister foes? Discover the perfect mix of comedy, action, and drama that keeps you on the edge of your seat. Are you brave enough to join the agency? #BungoStrayDogs #AnimeAdventure #movies #whattowatch",https://filmospere.com/movie/bungo-stray-dogs-2016,https://image.tmdb.org/t/p/w500/6AQmGhkYwAqW2OevjXbsh7tZnNO.jpg,Best Movies to Watch,2026-02-24T5:30:00
"Discover the Heartwarming Magic of Everwood!","Why did a world-renowned surgeon choose a small town for a fresh start? Dive into the emotional journey of Everwood, where family ties and heartfelt drama unfold. Can a change of scenery heal old wounds and create new beginnings? Find out in this beloved series that tugs at your heartstrings. #movies #whattowatch #Everwood",https://filmospere.com/movie/everwood-2002,https://image.tmdb.org/t/p/w500/4zmuA2Ql1QdUtw9OM6MdmtXnZEF.jpg,Best Movies to Watch,2026-02-24T9:30:00
"Unleash Your Inner Assassin: Discover Wanted's Secret World!","Ever felt like life's mundane routine isn't your destiny? Dive into the thrilling world of 'Wanted' where a disillusioned office worker discovers he's destined for something extraordinary. Can he handle the truth and rewrite his fate? Get ready for heart-pounding action and unexpected twists! #movies #whattowatch",https://filmospere.com/movie/wanted-2008,https://image.tmdb.org/t/p/w500/cbDMsV4VJAL2xJ2JXdWWjmUXZkT.jpg,Best Movies to Watch,2026-02-25T2:30:00
"Need a Job? What Happens When Desperation Turns Deadly!","Ever thought job hunting was tough? Dive into a darkly comedic world where one man's quest for employment spirals into a thrilling crime spree. How far would you go for the perfect job? Get ready for a wild ride filled with unexpected twists! #movies #whattowatch",https://filmospere.com/movie/the-ax-2005,https://image.tmdb.org/t/p/w500/v6upsNV9GWkSn0ODM8hFpvbQNJn.jpg,Best Movies to Watch,2026-02-25T6:30:00
"Dracula 2025: A Love That Defies Death Awaits!","Are you ready to sink your teeth into the dark romance of Dracula 2025? This reimagined classic blends horror, fantasy, and romance into an unforgettable tale. Will love conquer the night or will darkness prevail? Discover the thrilling twists in this epic saga! #movies #whattowatch",https://filmospere.com/movie/dracula-2025,https://image.tmdb.org/t/p/w500/ykyRfv7JDofLxXLAwtLXaSuaFfM.jpg,Best Movies to Watch,2026-02-25T9:30:00
"Wicked: For Good - A Spellbinding Adventure Awaits!","Ready to journey into the enchanting world of 'Wicked: For Good'? Discover the untold stories and epic romances that redefine destiny in this magical fantasy adventure. Can love truly conquer all in a realm where nothing is as it seems? Dive into the spellbinding saga now! #movies #whattowatch",https://filmospere.com/movie/wicked-for-good-2025,https://image.tmdb.org/t/p/w500/jdd0Qv6V8AJ3V7Dr8aMIMUWxZ2c.jpg,Best Movies to Watch,2026-02-25T5:30:00
"Predator: Badlands - The Ultimate Hunt Begins!","Ready for a wild ride? In 'Predator: Badlands,' survival is the only option as humans face off against the deadliest hunters in the universe. Will they outsmart the predators in the unforgiving desert? Dive into this heart-pounding adventure and discover who will emerge victorious. #ActionPacked #SciFiThriller #movies #whattowatch",https://filmospere.com/movie/predator-badlands-2025,https://image.tmdb.org/t/p/w500/pHpq9yNUIo6aDoCXEBzjSolywgz.jpg,Best Movies to Watch,2026-02-25T9:30:00
"The Family Plan 2: Action-Packed Comedy You Can't Miss!","What happens when a retired spy's family vacation turns into an undercover mission? Get ready for laughs, thrills, and unexpected twists in 'The Family Plan 2'. Will the family bond be strong enough to save the day? Find out in this action-comedy adventure! #movies #whattowatch",https://filmospere.com/movie/the-family-plan-2-2025,https://image.tmdb.org/t/p/w500/semFxuYx6HcrkZzslgAkBqfJvZk.jpg,Best Movies to Watch,2026-02-26T2:30:00
"Rediscover the Wild West with Dr. Quinn's Inspiring Saga!","Ready to journey back to the 1860s with Dr. Quinn? This trailblazing female doctor defies all odds in a rugged frontier town. Will her compassion and courage win over the skeptical townsfolk? Dive into this gripping drama filled with heart and heroism. #movies #whattowatch #WesternDrama",https://filmospere.com/movie/dr-quinn-medicine-woman-1993,https://image.tmdb.org/t/p/w500/rF32uo83bzezkEUQ8VGarbCJi32.jpg,Best Movies to Watch,2026-02-26T6:30:00
"Discover the Hidden Truths in All American Drama!","What happens when a star athlete from South L.A. is recruited to play for Beverly Hills High? Dive into the gripping world of 'All American' and uncover the challenges of identity, ambition, and belonging. Can he balance two worlds or will they collide? Find out in this must-watch drama! #movies #whattowatch",https://filmospere.com/movie/all-american-2018,https://image.tmdb.org/t/p/w500/c8FTtjQcQfqSI0McmVc1OOOf7Z7.jpg,Best Movies to Watch,2026-02-26T9:30:00
"Discover the Inspiring Journey of 'Chak De! India'","Ever wondered what it takes to turn a team of underdogs into champions? Dive into the thrilling world of 'Chak De! India' and experience the passion, drama, and patriotism that will leave you cheering. Can one man's vision unite a team against all odds? Watch to find out! #movies #whattowatch",https://filmospere.com/movie/chak-de-india-2007,https://image.tmdb.org/t/p/w500/9wP26QtbLUADWsfZZ8v2sJDWKdZ.jpg,Best Movies to Watch,2026-02-26T5:30:00
"Discover the Ultimate Chess Match with Death Himself!","Have you ever wondered what a game of chess with Death would be like? Dive into the mystifying world of 'The Seventh Seal' where fantasy and drama collide. Join the knight's quest for answers in a time of plague and uncertainty. Can he outsmart the inevitable? Find out why this classic is a must-watch! #movies #whattowatch",https://filmospere.com/movie/the-seventh-seal-1957,https://image.tmdb.org/t/p/w500/wcZ21zrOsy0b52AfAF50XpTiv75.jpg,Best Movies to Watch,2026-02-26T9:30:00
"Jawan 2023: The Action-Packed Thriller Everyone's Talking About!","Ready for a rollercoaster ride through crime and action? Discover the gripping tale of 'Jawan' - a story where every twist leaves you on the edge of your seat. Can justice prevail when the stakes are higher than ever? Dive into the heart-stopping plot today! #movies #whattowatch #Jawan2023",https://filmospere.com/movie/jawan-2023,https://image.tmdb.org/t/p/w500/jFt1gS4BGHlK8xt76Y81Alp4dbt.jpg,Best Movies to Watch,2026-02-27T2:30:00
"Heartfelt Love Triangle That Will Make You Laugh and Cry!","Ever wondered what happens when love, friendship, and fate collide? Dive into the world of 'Kal Ho Naa Ho' where every heartbeat counts and tomorrow is never guaranteed. Can love truly conquer all? Experience the perfect blend of comedy, drama, and romance in this Bollywood classic. #movies #whattowatch",https://filmospere.com/movie/kal-ho-naa-ho-2003,https://image.tmdb.org/t/p/w500/zhMI6I0kSLnewTMwE0A8Tz3Cj2f.jpg,Best Movies to Watch,2026-02-27T6:30:00
"Experience the Thrill of 1917: A Cinematic Masterpiece!","Ready for a heart-pounding journey through WWI? Dive into the gripping tale of '1917', where two soldiers race against time to save 1,600 men. Can they succeed against all odds? Discover the breathtaking visuals and intense storytelling that make this film a must-watch! #movies #whattowatch",https://filmospere.com/movie/1917-2019,https://image.tmdb.org/t/p/w500/iZf0KyrE25z1sage4SYFLCCrMi9.jpg,Best Movies to Watch,2026-02-27T9:30:00
"The Epic Rivalry That Redefined Racing!","Ready for a high-octane thrill ride through history? Discover how Ford took on Ferrari at the legendary 24 Hours of Le Mans in an unforgettable showdown. Can American ingenuity outpace Italian finesse? Buckle up for intense drama and breathtaking action! #movies #whattowatch",https://filmospere.com/movie/ford-v-ferrari-2019,https://image.tmdb.org/t/p/w500/dR1Ju50iudrOh3YgfwkAU1g2HZe.jpg,Best Movies to Watch,2026-02-27T5:30:00
"Unravel the Mystery: Who Killed the Patriarch?","Dive into the gripping world of 'Knives Out' where every family member is a suspect! Can you solve the whodunit before the detectives do? This comedy-crime mystery will keep you guessing till the end. Perfect for a thrilling movie night! #movies #whattowatch",https://filmospere.com/movie/knives-out-2019,https://image.tmdb.org/t/p/w500/pThyQovXQrw2m0s9x82twj48Jq4.jpg,Best Movies to Watch,2026-02-27T9:30:00
"Why 'Tokyo Story' is the Timeless Masterpiece You Need to Watch!","Ever wondered what makes a simple story about family resonate across generations? Dive into the emotional depths of 'Tokyo Story' and discover why this 1953 classic is still hailed as a cinematic masterpiece. Experience the powerful storytelling that captures the essence of life and relationships. #movies #whattowatch #classicfilms",https://filmospere.com/movie/tokyo-story-1953,https://image.tmdb.org/t/p/w500/g2YbTYKpY7N2yDSk7BfXZ18I5QV.jpg,Best Movies to Watch,2026-02-28T2:30:00
"Uncover the Dark Secrets of Star Trek Into Darkness!","Ready for a thrilling journey into the unknown? Join Captain Kirk and his crew as they face an unstoppable force threatening the galaxy. Can they outsmart their mysterious enemy and save the universe? Dive into the action and adventure of 'Star Trek Into Darkness'! #movies #whattowatch",https://filmospere.com/movie/star-trek-into-darkness-2013,https://image.tmdb.org/t/p/w500/Aim3kVNh1MPIxPEFeJrl9e9Uf1a.jpg,Best Movies to Watch,2026-02-28T6:30:00
"Survive the Ultimate Test: The Long Walk Awaits!","Are you ready to endure the ultimate psychological nightmare? Dive into 'The Long Walk,' where every step could be your last in a dystopian race against time. Will you make it to the end, or will the horrors catch up with you? Unravel the mysteries of this spine-tingling thriller. #movies #whattowatch",https://filmospere.com/movie/the-long-walk-2025,https://image.tmdb.org/t/p/w500/wobVTa99eW0ht6c1rNNzLkazPtR.jpg,Best Movies to Watch,2026-02-28T9:30:00
"Discover the Hidden Secrets of Warehouse 13!","Ever wondered what lies within Warehouse 13? Join agents Pete and Myka on their thrilling adventures as they hunt for dangerous artifacts and uncover mysteries. Will they manage to keep the world safe from supernatural chaos? Dive into this sci-fi comedy gem filled with action and intrigue. #movies #whattowatch",https://filmospere.com/movie/warehouse-13-2009,https://image.tmdb.org/t/p/w500/vK6KMBDUzZdwQcxPkfPO1iUSN0r.jpg,Best Movies to Watch,2026-02-28T5:30:00
"Rediscover Gilmore Girls: The Ultimate Mother-Daughter Duo!","Ever wondered what makes Stars Hollow so enchanting? Dive into the world of Gilmore Girls, where witty banter meets heartfelt drama. Follow Lorelai and Rory as they navigate love, life, and lots of coffee! Perfect for a cozy binge-watch session. Are you team Jess or team Dean? #movies #whattowatch",https://filmospere.com/movie/gilmore-girls-2000,https://image.tmdb.org/t/p/w500/gwtzCwU2wdLLf8oejQu2TINiWfQ.jpg,Best Movies to Watch,2026-02-28T9:30:00
"Boldly Go: Rediscover Star Trek's Epic 2009 Reboot!","Ever wondered how it all began? Dive into the thrilling universe of Star Trek (2009) where young James T. Kirk and Spock's destinies intertwine in a battle across galaxies. Witness the rebirth of a legendary saga filled with action, adventure, and epic space battles. Are you ready to explore the final frontier? #movies #whattowatch",https://filmospere.com/movie/star-trek-2009,https://image.tmdb.org/t/p/w500/hN2ZtF3Uw6mhIHZiqL0SKzELtKn.jpg,Best Movies to Watch,2026-03-01T2:30:00
"Runaway Train: Can Two Heroes Stop the Unstoppable?","Brace yourself for a heart-pounding thrill ride! When an unmanned train carrying toxic chemicals speeds toward a city, two unlikely heroes team up to prevent disaster. Can they stop the unstoppable before it’s too late? Grab your popcorn and find out! #movies #whattowatch #actionthriller",https://filmospere.com/movie/unstoppable-2010,https://image.tmdb.org/t/p/w500/zKvHwL0GqLOear8rTnUPSTRYY0r.jpg,Best Movies to Watch,2026-03-01T6:30:00
"The Ultimate Comedy Classic: Relive Friends' Hilarious Moments!","Ready for a laughter marathon? Dive into the world of 'Friends' and see why this 90s sitcom remains a fan-favorite. From iconic catchphrases to unforgettable bloopers, find out what makes this series timeless. Could we BE any more excited? #movies #whattowatch #comedyclassic",https://filmospere.com/movie/friends-1994,https://image.tmdb.org/t/p/w500/f496cm9enuEsZkSPzCwnTESEK5s.jpg,Best Movies to Watch,2026-03-01T9:30:00
"Uncover the Rebel Spirit of Rang De Basanti!","Are you ready to dive into a tale where history meets modern rebellion? Rang De Basanti is a mix of comedy, drama, and romance, set against the backdrop of India's freedom struggle. What happens when a group of friends awakens to their nation's past? Discover the gripping journey that sparked a revolution! #movies #whattowatch",https://filmospere.com/movie/rang-de-basanti-2006,https://image.tmdb.org/t/p/w500/f1bF8CHzEu621bPSIg6XiUNAabh.jpg,Best Movies to Watch,2026-03-01T5:30:00
"Unlock the Secrets of The Godfather: A Crime Classic","Ever wondered how a family can rule the crime world? Dive into the gripping saga of loyalty, power, and betrayal. Discover why The Godfather is hailed as a cinematic masterpiece. Are you ready to enter the world of the Corleones? #movies #whattowatch",https://filmospere.com/movie/the-godfather-1972,https://image.tmdb.org/t/p/w500/3bhkrj58Vtu7enYsRolD1fZdja1.jpg,Best Movies to Watch,2026-03-01T9:30:00
"The Toxic Avenger Unrated: 2025's Wildest Ride!","Ready for a superhero like no other? Dive into 'The Toxic Avenger Unrated' where action, comedy, and sci-fi collide in an epic 2025 adventure. Can our unlikely hero save the day with his toxic powers, or will chaos reign supreme? Get ready for laughter and thrills! #movies #whattowatch",https://filmospere.com/movie/the-toxic-avenger-unrated-2025,https://image.tmdb.org/t/p/w500/cCWojb6N9UcTzNVtS4bOM3vQ30x.jpg,Best Movies to Watch,2026-03-02T2:30:00
"Discover the Upside Down: Dive into Stranger Things Adventure!","Are you ready to unravel the mysteries of Hawkins? Journey with Eleven and her friends as they battle supernatural forces and government secrets. Will they uncover the truth about the Upside Down? Binge-watch Stranger Things to find out! Join the adventure and get hooked on this thrilling ride. #movies #whattowatch",https://filmospere.com/movie/stranger-things-2016,https://image.tmdb.org/t/p/w500/cVxVGwHce6xnW8UaVUggaPXbmoE.jpg,Best Movies to Watch,2026-03-02T6:30:00
"Breaking Bad: The Ultimate Crime Drama You Can't Miss!","Ever wondered what happens when a high school teacher turns to crime? Dive into the thrilling world of Breaking Bad, where every decision leads to unexpected chaos. Are you ready to witness the transformation of Walter White? Get hooked on this gripping drama today! #BreakingBad #CrimeDrama #MustWatch #TVSeries #Movies #WhatToWatch",https://filmospere.com/movie/breaking-bad-2008,https://image.tmdb.org/t/p/w500/ztkUQFLlC19CCMYHW9o1zWhJRNq.jpg,Best Movies to Watch,2026-03-02T9:30:00
"Ne Zha 2: Unleash the Legend in This Epic Fantasy Adventure!","Are you ready for the return of Ne Zha? Dive into a world of magic and myth as Ne Zha embarks on a new thrilling quest! Can he harness his powers to save the world from impending doom? Discover the next chapter in this stunning animation that will leave you breathless! #movies #whattowatch",https://filmospere.com/movie/ne-zha-2-2025,https://image.tmdb.org/t/p/w500/cb5NyNrqiCNNoDkA8FfxHAtypdG.jpg,Best Movies to Watch,2026-03-02T5:30:00
"Unlock the Mysteries of Sacred Games!","Dive into the thrilling world of 'Sacred Games' where each clue unravels a deeper mystery. Can you keep up with the suspense and intrigue? Follow the gripping narrative of crime, politics, and fate that has everyone talking. Ready for the ride of your life? #movies #whattowatch",https://filmospere.com/movie/tmdb-79352,https://image.tmdb.org/t/p/w500/uEbNtFbK4At9WBDGap23lt1qO9n.jpg,Best Movies to Watch,2026-03-02T9:30:00
"Unmasking Senora Acero: Queen of the Drug Lords!","Ready for a wild ride through the ruthless world of crime and drama? Discover the gripping saga of Senora Acero, a woman who rises to power in the male-dominated drug trade. Can she outsmart her enemies and protect her family? Dive into this thrilling soap opera and find out! #movies #whattowatch",https://filmospere.com/movie/senora-acero-2014,https://image.tmdb.org/t/p/w500/vXhBxsvpW2mGuXRbIK5Yazdp8Zg.jpg,Best Movies to Watch,2026-03-03T2:30:00
"Unravel the Mystery of a Man Who Hasn't Slept in a Year","Could you survive without sleep? Dive into the mind-bending thriller The Machinist and discover the haunting secrets of Trevor Reznik's insomnia. What dark truths lie beneath his delusions? This gripping tale will keep you on the edge of your seat. Are you ready for the shocking revelations? #movies #whattowatch #thriller",https://filmospere.com/movie/the-machinist-2004,https://image.tmdb.org/t/p/w500/diAYqR4xdF9Hnj7qun6DEQhRrT2.jpg,Best Movies to Watch,2026-03-03T6:30:00
"Unleash the Beast: Wolverine's Most Epic Battle Yet!","Ready for a wild ride? Join Wolverine in Japan as he faces his toughest foes in an electrifying blend of action and adventure. Will Logan survive the ultimate test? Dive into the heart-pounding story filled with claws, chaos, and courage. Discover why this sci-fi thriller is a must-watch! #movies #whattowatch",https://filmospere.com/movie/the-wolverine-2013,https://image.tmdb.org/t/p/w500/t2wVAcoRlKvEIVSbiYDb8d0QqqS.jpg,Best Movies to Watch,2026-03-03T9:30:00
"Discover the Hidden Threats in Enemy of the State!","What happens when a simple lawyer becomes the target of a powerful surveillance operation? Dive into the pulse-pounding action of 'Enemy of the State,' where privacy is just an illusion. Will he uncover the truth before it's too late? Perfect for fans of edge-of-your-seat thrillers! #movies #whattowatch #thriller",https://filmospere.com/movie/enemy-of-the-state-1998,https://image.tmdb.org/t/p/w500/x9pXrMKLsBGGOFyyZ0Gwt9YpVub.jpg,Best Movies to Watch,2026-03-03T5:30:00
"Discover the Untold Heroism in This Gripping WWII Drama!","Have you ever wondered how one man can make a monumental difference during one of history's darkest times? Dive into the powerful narrative of Schindler's List, where courage meets compassion amidst the horrors of war. Perfect for history buffs and drama enthusiasts alike. #movies #whattowatch",https://filmospere.com/movie/schindler-s-list-1993,https://image.tmdb.org/t/p/w500/sF1U4EUQS8YHUYjNl3pMGNIQyr0.jpg,Best Movies to Watch,2026-03-03T9:30:00
"Silent Survival: Can You Survive in Their World?","Imagine a world where silence is your only shield. In 'A Quiet Place,' a family battles sound-sensitive creatures to survive. Can you keep quiet enough to escape the danger? Discover the tension and terror in this unique horror experience. #movies #whattowatch #horror #scifi",https://filmospere.com/movie/a-quiet-place-2018,https://image.tmdb.org/t/p/w500/nAU74GmpUk7t5iklEp3bufwDq4n.jpg,Best Movies to Watch,2026-03-04T2:30:00
"The Wire: Unravel the Secrets of Baltimore's Underworld!","Ready to dive into the gritty world of Baltimore's crime drama? Discover how law enforcement and drug dealers play a dangerous cat-and-mouse game. Who will outsmart whom in this intense saga? Prepare for a gripping narrative that will keep you on the edge of your seat! #movies #whattowatch #crime #drama",https://filmospere.com/movie/the-wire-2002,https://image.tmdb.org/t/p/w500/4lbclFySvugI51fwsyxBTOm4DqK.jpg,Best Movies to Watch,2026-03-04T6:30:00
"Discover the Hidden Secrets of Shawshank!","Ever wondered what true freedom feels like? Dive into the world of Andy Dufresne, a man wrongfully imprisoned, as he crafts an escape plan that will leave you speechless. Can hope really set you free, or is it just a dangerous thing? Join the journey and find out! #movies #whattowatch",https://filmospere.com/movie/the-shawshank-redemption-1994,https://image.tmdb.org/t/p/w500/9cqNxx0GxF0bflZmeSMuL5tnGzr.jpg,Best Movies to Watch,2026-03-04T9:30:00
"Dexter's Dark Return: A Killer Twist Awaits!","Can Dexter Morgan truly escape his past, or will his dark passenger pull him back into the shadows? Dive into 'Dexter: Resurrection' and unravel the mystery that promises to keep you on the edge of your seat. Are you ready for the most gripping crime drama of 2025? #movies #whattowatch",https://filmospere.com/movie/dexter-resurrection-2025,https://image.tmdb.org/t/p/original/hIawSocuwqgNeRf3JuKuxgMHmSC.jpg,Best Movies to Watch,2026-03-04T5:30:00
"Unravel the Secrets of Kingstown's Power Struggle!","Can one family control a city gripped by crime and corruption? Dive into 'Mayor of Kingstown' and witness the gripping drama unfold. Discover how power, loyalty, and survival collide in this intense crime thriller. Are you ready for the chaos? #MayorOfKingstown #Drama #CrimeSeries #MustWatch #movies #whattowatch",https://filmospere.com/movie/mayor-of-kingstown-2021,https://image.tmdb.org/t/p/w500/6rWIip9MZELAA0SKii5WqsBDCYW.jpg,Best Movies to Watch,2026-03-04T9:30:00
"Lilo & Stitch 2025: A Galactic Family Adventure Awaits!","Ready for a wild ride with Lilo & Stitch? This 2025 reboot brings intergalactic chaos, heartfelt moments, and laughter galore! What happens when this quirky duo is back on the big screen with new friends and foes? Dive into the adventure and discover the cosmic surprises awaiting! #movies #whattowatch #FamilyFun",https://filmospere.com/movie/lilo-stitch-2025,https://image.tmdb.org/t/p/w500/ckQzKpQJO4ZQDCN5evdpKcfm7Ys.jpg,Best Movies to Watch,2026-03-05T2:30:00
"Uncover the Secret World of Street Racing Thrills!","Are you ready to dive into the high-octane world of illegal street racing? Join undercover cop Brian as he navigates the underground scene to find the truth. Can he balance loyalty and duty before it's too late? Buckle up for a ride full of twists and intense car chases! #movies #whattowatch",https://filmospere.com/movie/the-fast-and-the-furious-2001,https://image.tmdb.org/t/p/w500/gqY0ITBgT7A82poL9jv851qdnIb.jpg,Best Movies to Watch,2026-03-05T6:30:00
"Epic Showdown: Who Will Reign Supreme - Godzilla or Kong?","Brace yourself for the ultimate monster battle in 'Godzilla vs. Kong!' As these titans clash, humanity hangs in the balance. Will the ancient rivalry finally be settled? Join the adventure and pick a side! Don't miss the breathtaking action and jaw-dropping visuals. #movies #whattowatch",https://filmospere.com/movie/godzilla-vs-kong-2021,https://image.tmdb.org/t/p/w500/pgqgaUx1cJb5oZQQ5v0tNARCeBp.jpg,Best Movies to Watch,2026-03-05T9:30:00
"Survive the Unseen: Could You Navigate a World Without Sight?","What would you do if seeing meant certain death? 'Bird Box' takes you on a heart-pounding journey where blindfolds are your only hope. Can Sandra Bullock's character save her family from a mysterious force? Embark on this thrilling adventure that will keep you on the edge of your seat. #movies #whattowatch",https://filmospere.com/movie/bird-box-2018,https://image.tmdb.org/t/p/w500/rGfGfgL2pEPCfhIvqHXieXFn7gp.jpg,Best Movies to Watch,2026-03-05T5:30:00
"Unleash the Rebellion: Insurgent's Epic Showdown Awaits!","Ready for a thrill ride? Dive into 'Insurgent' where Tris and Four fight for survival in a world on the brink of chaos. Can they uncover the truth and save their people, or will the factions tear them apart? Discover the explosive action and sci-fi twists that will leave you on the edge of your seat. #ActionPacked #SciFiThriller #Movies #WhatToWatch",https://filmospere.com/movie/insurgent-2015,https://image.tmdb.org/t/p/w500/dP5Fb6YRfzmCQtRbHOr2kO7tJW9.jpg,Best Movies to Watch,2026-03-05T9:30:00
"Discover the Peculiar World of Miss Peregrine's Home!","Ever wondered what it's like to live in a world where children have extraordinary abilities? Dive into a magical adventure with Miss Peregrine's Home for Peculiar Children. Follow Jake as he uncovers mysteries and battles dark forces. Are you ready for a journey beyond imagination? #movies #whattowatch",https://filmospere.com/movie/miss-peregrine-s-home-for-peculiar-children-2016,https://image.tmdb.org/t/p/w500/CIlbMFOfYDj0MP23hsIYhFGrL6.jpg,Best Movies to Watch,2026-03-06T2:30:00
"What Happens When Your Doppelgänger Comes for You?","Discover the chilling mystery behind the eerie family of doubles in 'Us' (2019)! This horror-mystery will keep you on the edge of your seat. Are you ready to confront your darkest fears? #movies #whattowatch",https://filmospere.com/movie/us-2019,https://image.tmdb.org/t/p/w500/ux2dU1jQ2ACIMShzB3yP93Udpzc.jpg,Best Movies to Watch,2026-03-06T6:30:00
"Obsession Turns Deadly: Can the Star Outsmart His Fan?","What happens when a die-hard fan's admiration for a superstar spirals into a dangerous obsession? Dive into this intense thriller where boundaries blur and the stakes are life and death. Will the celebrity survive his own fame? Discover the gripping twists that keep you on the edge of your seat. #movies #whattowatch #thriller",https://filmospere.com/movie/fan-2016,https://image.tmdb.org/t/p/w500/ukMYsujfyWhSeIBAc9hGEFEkrJD.jpg,Best Movies to Watch,2026-03-06T9:30:00
"Surviving a War-Torn Childhood: A Story of Courage","What happens when innocence meets the horrors of war? 'Innocent Voices' follows a young boy navigating life in a war-torn El Salvador. Will he find safety, or will the chaos consume him? Discover the resilience of a child caught in conflict. #movies #whattowatch",https://filmospere.com/movie/innocent-voices-2005,https://image.tmdb.org/t/p/w500/hvwB4LdMCLzqXsk5ZjR77vzPkGk.jpg,Best Movies to Watch,2026-03-06T5:30:00
"Discover the Adventure & Romance of Sullivan's Travels!","Ever wondered what happens when a comedy director sets out on a journey to make a serious film? Dive into the world of 'Sullivan's Travels,' where romance, humor, and unexpected adventures await! Can Sullivan find the true meaning of life on the road? #movies #whattowatch #adventure",https://filmospere.com/movie/sullivan-s-travels-1941,https://image.tmdb.org/t/p/w500/z5cqIM0ysVjkCmaDfyTQnlozdIp.jpg,Best Movies to Watch,2026-03-06T9:30:00
"Unravel the Ultimate Whodunit on the Orient Express!","Can the world's greatest detective solve a murder aboard a luxury train? Dive into a tale of deception and intrigue, where everyone is a suspect and time is running out. Join Hercule Poirot on a suspenseful journey that will keep you guessing till the end! Don't miss this gripping mystery. #movies #whattowatch #MurderMystery",https://filmospere.com/movie/murder-on-the-orient-express-2017,https://image.tmdb.org/t/p/w500/7GtdJU6iAg6fjQu3E3zta3bIAQh.jpg,Best Movies to Watch,2026-03-07T2:30:00
"Epic Battles & Dragons: Dive into the Game of Thrones Saga!","Ready to immerse yourself in a world of power, betrayal, and dragons? Game of Thrones takes you on a thrilling journey through the Seven Kingdoms. Who will claim the Iron Throne? Unravel the mysteries and alliances in this fantasy epic. Don't miss the drama and action! #movies #whattowatch",https://filmospere.com/movie/game-of-thrones-2011,https://image.tmdb.org/t/p/w500/1XS1oqL89opfnbLl8WnZY1O1uJx.jpg,Best Movies to Watch,2026-03-07T6:30:00
"Moana Returns: A New Ocean Adventure Awaits!","Get ready to set sail again with Moana and Maui in an epic journey across uncharted seas! Will they uncover a legendary island or encounter mythical creatures? Dive into this animated adventure packed with laughter and magic! #Moana2 #FamilyFun #AdventureAwaits #movies #whattowatch",https://filmospere.com/movie/moana-2-2024,https://image.tmdb.org/t/p/w500/aLVkiINlIeCkcZIzb7XHzPYgO6L.jpg,Best Movies to Watch,2026-03-07T9:30:00
"Imagine Being the Sole Survivor of a Plague!","Ever wondered what it's like to be the last human on Earth? Dive into a world where Vincent Price battles loneliness and vampire-like creatures in 'The Last Man on Earth' (1964). Can he find a cure or is he doomed to isolation? Uncover this sci-fi horror gem! #movies #whattowatch",https://filmospere.com/movie/the-last-man-on-earth-1964,https://image.tmdb.org/t/p/w500/m0zIz963wNxAqqxiKYdZS9cRScT.jpg,Best Movies to Watch,2026-03-07T5:30:00
"This Crime Drama Will Keep You on the Edge of Your Seat!","Can a determined detective unravel the truth behind a web of lies and crime? Dive into the gripping world of 'Tracker' and discover the untold secrets that will leave you breathless. How far would you go to find the truth? Don't miss the drama everyone's talking about! #movies #whattowatch",https://filmospere.com/movie/tracker-2024,https://image.tmdb.org/t/p/w500/otula4h1ITZ0eV84eg7Lb8u614C.jpg,Best Movies to Watch,2026-03-07T9:30:00
"MobLand: The Crime Drama Everyone's Talking About!","Ready for a gripping tale of loyalty and betrayal? MobLand takes you deep into the underworld where alliances are tested and secrets unravel. Can one man survive the chaos? Dive into this thrilling crime drama and find out! #movies #whattowatch",https://filmospere.com/movie/mobland-2025,https://image.tmdb.org/t/p/w500/abeH7n5pcuQcwYcTxG6DTZvXLP1.jpg,Best Movies to Watch,2026-03-08T2:30:00
"Fall in Love with This Fast-Talking Classic Romance!","Ever wondered what happens when a feisty reporter and her ex-husband team up for one last scoop? Dive into the whirlwind of comedy and romance with 'His Girl Friday'! It's a battle of wits and hearts that you won't want to miss. Ready for some laughs and love? #movies #whattowatch",https://filmospere.com/movie/his-girl-friday-1940,https://image.tmdb.org/t/p/w500/lu86Y9zTPH3neCiUzLzHCEFHf7f.jpg,Best Movies to Watch,2026-03-08T6:30:00
"Unravel the Mysteries of Train Dreams: A Must-Watch Drama!","What happens when past dreams collide with present realities? Dive into the emotional journey of Train Dreams, where every train ride unearths hidden secrets. Are you ready to uncover the truth? Don't miss this soul-stirring drama that's captivating audiences everywhere. #movies #whattowatch",https://filmospere.com/movie/train-dreams-2025,https://image.tmdb.org/t/p/w500/l3zS4YnpOi4usyEXGJMtxSqDDyb.jpg,Best Movies to Watch,2026-03-08T9:30:00
"Discover the Chilling Secrets Behind 'Weapons' 2025!","Are you ready to uncover the terrifying mysteries lurking in 'Weapons'? Dive into a world where every shadow hides a secret and every sound could be your last. Can you solve the mystery before it's too late? Get ready for the horror-mystery event of the year! #movies #whattowatch",https://filmospere.com/movie/weapons-2025,https://image.tmdb.org/t/p/w500/cpf7vsRZ0MYRQcnLWteD5jK9ymT.jpg,Best Movies to Watch,2026-03-08T5:30:00
"Discover Buzz Lightyear's Untold Story!","Ever wondered how Buzz Lightyear became a legend? Dive into 'Beyond Infinity' and explore the real story behind the iconic space ranger. Experience the journey to Lightyear like never before. Ready for an intergalactic adventure? 🚀 #movies #whattowatch",https://filmospere.com/movie/beyond-infinity-buzz-and-the-journey-to-lightyear-2022,https://image.tmdb.org/t/p/w500/mnp0INIjyWt4AziWmTHgPk9IFoE.jpg,Best Movies to Watch,2026-03-08T9:30:00
"Love or Betrayal? A WWII Romance Thriller You Can't Miss!","Dive into the thrilling world of 'Allied' where love and espionage collide. What happens when a wartime romance is shadowed by secrets and suspicion? Can love survive the ultimate test of loyalty? Find out in this gripping action-packed drama. #movies #whattowatch",https://filmospere.com/movie/allied-2016,https://image.tmdb.org/t/p/w500/sV4lXM32quwminL3TP36nlNPp7Q.jpg,Best Movies to Watch,2026-03-09T2:30:00
"Survive the Frozen Apocalypse on a Perpetual Train!","What would you do if the last of humanity was crammed into one train? Dive into the thrilling world of 'Snowpiercer' where class warfare and survival instincts clash. Will the oppressed rise against the elite in this icy dystopian thriller? Discover the shocking twists and turns! #movies #whattowatch",https://filmospere.com/movie/snowpiercer-2013,https://image.tmdb.org/t/p/w500/9JPx09Rr0Txq2eSQfjq1DEBR5cx.jpg,Best Movies to Watch,2026-03-09T6:30:00
"Discover the Dark Humor in Arsenic and Old Lace!","Ever wondered what happens when you mix charming old ladies with a dose of murder? Dive into the hilariously twisted world of 'Arsenic and Old Lace' where comedy meets crime. Can Mortimer Brewster save the day before his family’s secrets unravel? #movies #whattowatch",https://filmospere.com/movie/arsenic-and-old-lace-1944,https://image.tmdb.org/t/p/w500/xG1GEEQGgExKl0WT5sRo1Arst5D.jpg,Best Movies to Watch,2026-03-09T9:30:00
"Unseen Heroines: The True Story Behind NASA's Success","Did you know NASA's greatest mission depended on three brilliant women? Discover the untold story of Katherine, Dorothy, and Mary as they break barriers and redefine history in 'Hidden Figures'. Ready to be inspired? #movies #whattowatch",https://filmospere.com/movie/hidden-figures-2016,https://image.tmdb.org/t/p/w500/9lfz2W2uGjyow3am00rsPJ8iOyq.jpg,Best Movies to Watch,2026-03-09T5:30:00
"Why Toy Story 4 Will Make You Laugh and Cry!","Ready for an emotional rollercoaster with your favorite toys? Join Woody and Buzz on a new adventure as they meet Forky, the spork with an identity crisis. Can they save the day and discover what it means to be a toy? Get ready for laughs, tears, and heartwarming moments! #movies #whattowatch",https://filmospere.com/movie/toy-story-4-2019,https://image.tmdb.org/t/p/w500/w9kR8qbmQ01HwnvK4alvnQ2ca0L.jpg,Best Movies to Watch,2026-03-09T9:30:00
"Alien Resurrection: Sci-Fi Horror Meets Intense Action!","Ever wondered what happens when Ripley returns 200 years later? Dive into a world where science experiments go awry, and humanity faces off against fearsome aliens. Can Ripley and her unlikely allies save the day? Experience the thrill, the horror, and the action-packed adventure! #AlienResurrection #SciFiHorror #movies #whattowatch",https://filmospere.com/movie/alien-resurrection-1997,https://image.tmdb.org/t/p/w500/9aRDMlU5Zwpysilm0WCWzU2PCFv.jpg,Best Movies to Watch,2026-03-10T2:30:00
"Erase Heartbreak or Relive Love? A Mind-Bending Romance Awaits!","What if you could erase the past to heal your heart? Dive into a world where science blurs the lines of love and memory. Will Joel and Clementine's love survive the ultimate test? This critically acclaimed film will make you question everything about love and loss. #movies #whattowatch",https://filmospere.com/movie/eternal-sunshine-of-the-spotless-mind-2004,https://image.tmdb.org/t/p/w500/5MwkWH9tYHv3mV9OdYTMR5qreIz.jpg,Best Movies to Watch,2026-03-10T6:30:00
"Discover the Hidden Secrets of Fight Club!","Ever wondered what rules are worth breaking? Dive into the world of chaos and self-discovery with Fight Club. What happens when an insomniac meets a soap salesman? Unravel the mystery and join the fight! #movies #whattowatch",https://filmospere.com/movie/fight-club-1999,https://image.tmdb.org/t/p/w500/pB8BM7pdSp6B6Ih7QZ4DrQ3PmJK.jpg,Best Movies to Watch,2026-03-10T9:30:00
"Unlock the Mystery Behind Pulp Fiction's Iconic Scenes!","Ever wonder what makes Pulp Fiction a cult classic? Dive into the intertwined lives of hitmen, mobsters, and misfits in Tarantino's thrilling masterpiece. Discover the dark humor and unexpected twists that keep audiences on the edge of their seats. Are you ready for a wild ride through the underworld? #movies #whattowatch",https://filmospere.com/movie/pulp-fiction-1994,https://image.tmdb.org/t/p/w500/vQWk5YBFWF4bZaofAbv0tShwBvQ.jpg,Best Movies to Watch,2026-03-10T5:30:00
"Unravel the Forbidden Love in a Turbulent World!","Caught in a whirlwind of political chaos, can a daring foreign correspondent and a passionate diplomat navigate their forbidden romance? Discover the electrifying drama of 'The Year of Living Dangerously' and see how love thrives amidst danger. Are you ready to dive into this gripping tale? #movies #whattowatch",https://filmospere.com/movie/the-year-of-living-dangerously-1982,https://image.tmdb.org/t/p/w500/dvb1GRkLPROZSPHzNUHioeRVlA1.jpg,Best Movies to Watch,2026-03-10T9:30:00
"Why Forrest Gump's Journey Still Captivates Us!","Ever wondered why Forrest Gump became an enduring classic? From unforgettable quotes to heartwarming moments, this comedic drama takes you on a whirlwind adventure through history. Discover how one man's incredible life story continues to inspire love, laughter, and tears. Dive into the world of Forrest Gump today! #movies #whattowatch",https://filmospere.com/movie/forrest-gump-1994,https://image.tmdb.org/t/p/w500/saHP97rTPS5eLmrLQEcANmKrsFl.jpg,Best Movies to Watch,2026-03-11T2:30:00
"Action-Packed Thriller: Can You Outwit Don?","Dive into the world of deception and intrigue with 'Don' (2006). Are you ready to unravel the mystery behind the charismatic yet dangerous underworld kingpin? This Bollywood masterpiece keeps you on the edge of your seat with its twists and turns. Will you discover who has the upper hand? #movies #whattowatch",https://filmospere.com/movie/tmdb-17501,https://image.tmdb.org/t/p/w500/4HyRXNJ4U3H5yP9XjeTGWtlUlJN.jpg,Best Movies to Watch,2026-03-11T6:30:00
"Discover the Hilarious Chaos of The Office: A Must-Watch Comedy!","Ever wondered what happens when office antics go hilariously wrong? Dive into 'The Office' and meet a quirky team that redefines work-life balance. Can they keep it together or is an office meltdown inevitable? Perfect for your next movie night! #movies #whattowatch #comedy",https://filmospere.com/movie/the-office-2005,https://image.tmdb.org/t/p/w500/dg9e5fPRRId8PoBE0F6jl5y85Eu.jpg,Best Movies to Watch,2026-03-11T9:30:00
"Unleash Your Inner Hero with Shazam!","Ever wonder what it's like to go from teen to superhero in a flash? Dive into 'Shazam!' for a whirlwind of laughs, thrills, and magical surprises. Can Billy Batson master his newfound powers and defeat evil? Join the adventure and find out! #movies #whattowatch",https://filmospere.com/movie/shazam-2019,https://image.tmdb.org/t/p/w500/xnopI5Xtky18MPhK40cZAGAOVeV.jpg,Best Movies to Watch,2026-03-11T5:30:00
"80s High School Drama: Love, Laughter, and Life Lessons!","Ready for a ride through high school hilarity? 'Fast Times at Ridgemont High' has it all: romance, rebellious students, and iconic 80s vibes. Will these teens find their way through the chaos of growing up? Discover the timeless lessons and laughs in this comedy classic! #movies #whattowatch",https://filmospere.com/movie/fast-times-at-ridgemont-high-1982,https://image.tmdb.org/t/p/w500/s1DA8H7qwoOcAEhow2rCzuQtpuO.jpg,Best Movies to Watch,2026-03-11T9:30:00
"Unleash Your Inner Villain with Cruella's Wicked Style!","Ready to step into the world of fashion and chaos? Dive into Cruella's thrilling origin story filled with comedy, crime, and bold adventures. How did Estella transform into the iconic villain we all love to hate? Discover the madness behind the glam! #movies #whattowatch",https://filmospere.com/movie/cruella-2021,https://image.tmdb.org/t/p/w500/hjS9mH8KvRiGHgjk6VUZH7OT0Ng.jpg,Best Movies to Watch,2026-03-12T2:30:00
"Discover the Untold Magic Behind The Greatest Showman!","Ever wondered how a humble dream transformed into the greatest spectacle on Earth? Dive into the drama-filled journey of P.T. Barnum, where ambition meets heart. Ready to be inspired by an epic tale of showbiz and dreams? Watch and find out! #movies #whattowatch",https://filmospere.com/movie/the-greatest-showman-2017,https://image.tmdb.org/t/p/w500/b9CeobiihCx1uG1tpw8hXmpi7nm.jpg,Best Movies to Watch,2026-03-12T6:30:00
"Alien Threat or Human Fear? Discover the Secrets!","Are you ready for a chilling ride through fear and survival? 'No One Will Save You' merges horror and sci-fi, posing the ultimate question: when the aliens come, is it them or our own fears that we should fear most? Dive into this suspenseful tale and uncover the unexpected twists. #movies #whattowatch",https://filmospere.com/movie/no-one-will-save-you-2023,https://image.tmdb.org/t/p/w500/ehGIDAMaYy6Eg0o8ga0oqflDjqW.jpg,Best Movies to Watch,2026-03-12T9:30:00
"Hancock: The Antihero We All Needed!","Ever wondered what happens when a superhero has a bad attitude? Dive into Hancock's chaotic world where saving the day comes with a twist. Can he clean up his act in time to be the hero the city needs? Uncover the action-packed journey of redemption and power. #movies #whattowatch #superhero",https://filmospere.com/movie/hancock-2008,https://image.tmdb.org/t/p/w500/7DyuV2G0hLEqHeueDfOqhZ2DVut.jpg,Best Movies to Watch,2026-03-12T5:30:00
"X2: Mutants Unite Against the Ultimate Threat!","Ready for a thrilling ride with your favorite mutants? Dive into 'X2' as they join forces to battle a new enemy that threatens their very existence. Can they overcome their differences and save the world? Don't miss this action-packed adventure! #X2 #movies #whattowatch",https://filmospere.com/movie/x2-2003,https://image.tmdb.org/t/p/w500/bWMw0FMsY8DICgrQnrTSWbzEgtr.jpg,Best Movies to Watch,2026-03-12T9:30:00
"Discover the Magic: What Happens When History Comes Alive?","Ever wondered what it's like when museum exhibits spring to life? Dive into the whirlwind adventure of 'Night at the Museum' where history's most famous figures create chaos and comedy. Can one night guard handle the pandemonium? Join the fun and find out! #movies #whattowatch #familyfun",https://filmospere.com/movie/night-at-the-museum-2006,https://image.tmdb.org/t/p/w500/pDsAAYf6Zn0yiAGJ6lYGs6hoZ4E.jpg,Best Movies to Watch,2026-03-13T2:30:00
"Discover the Chilling True Story Behind 'The Haunting in Connecticut'","What if your family's new home wasn't just haunted, but deeply tied to a terrifying past? Dive into the spine-tingling true story that inspired 'The Haunting in Connecticut.' Are you ready to uncover the secrets lurking in the shadows? #Haunting #HorrorMovies #BasedOnTrueStory #Movies #WhatToWatch",https://filmospere.com/movie/the-haunting-in-connecticut-2009,https://image.tmdb.org/t/p/w500/dTfL0YbTa7S59vZYmWbk6UofHkI.jpg,Best Movies to Watch,2026-03-13T6:30:00
"Unravel Miami's Dark Secrets with CSI: Miami!","Ever wondered what lies beneath Miami's sun-soaked beaches? Dive into the thrilling world of CSI: Miami, where every corner hides a mystery waiting to be solved. Join Horatio and his team as they untangle the web of crime and deception in the city of glamour. Are you ready to uncover the truth? #movies #whattowatch #crime #mystery",https://filmospere.com/movie/csi-miami-2002,https://image.tmdb.org/t/p/w500/pNW64pjaHvf6purNaFhq4SHYRfl.jpg,Best Movies to Watch,2026-03-13T9:30:00
"Harley Quinn's Wild Ride: Chaos, Crime, and Emancipation!","Ready for a rollercoaster of action and crime? Follow Harley Quinn on her quest for freedom and chaos in 'Birds of Prey.' Can she break free from Gotham's dark shadows? Dive into the fantabulous world of Harley Quinn and her crew! #movies #whattowatch",https://filmospere.com/movie/birds-of-prey-and-the-fantabulous-emancipation-of-one-harley-quinn-2020,https://image.tmdb.org/t/p/w500/h4VB6m0RwcicVEZvzftYZyKXs6K.jpg,Best Movies to Watch,2026-03-13T5:30:00
"Discover the Timeless Romance Hidden in a Small Shop!","Ever wondered if enemies could become soulmates? Dive into the charming world of 'The Shop Around the Corner' where two feuding coworkers unknowingly fall in love as secret pen pals. Will the truth bring them together or tear them apart? Find out in this classic comedy-drama that still warms hearts today! #movies #whattowatch",https://filmospere.com/movie/the-shop-around-the-corner-1940,https://image.tmdb.org/t/p/w500/dZ1aEzGYRiqJwPfjS6VL7wUkHmF.jpg,Best Movies to Watch,2026-03-13T9:30:00
"Ice Road: Vengeance - A Chilling Quest for Justice Awaits!","What happens when a treacherous ice road becomes a battlefield for vengeance? Dive into a world of icy thrills and intense drama with 'Ice Road: Vengeance'. Will justice prevail, or will the frozen terrain claim another victim? Discover the gripping story that's keeping everyone on the edge of their seats! #movies #whattowatch",https://filmospere.com/movie/ice-road-vengeance-2025,https://image.tmdb.org/t/p/w500/cQN9rZj06rXMVkk76UF1DfBAico.jpg,Best Movies to Watch,2026-03-14T2:30:00
"Unravel the Mystery: Sherlock's Most Thrilling Adventure Yet!","Ready for a mind-bending chase through Europe with the iconic detective? Dive into the thrilling world of Sherlock Holmes as he battles wits with his greatest nemesis, Professor Moriarty. Can Holmes and Watson outsmart the criminal mastermind? Discover the twists and turns in this action-packed mystery! #movies #whattowatch",https://filmospere.com/movie/sherlock-holmes-a-game-of-shadows-2011,https://image.tmdb.org/t/p/w500/vskIKrMNUAhns05dx8WYBQfcJEs.jpg,Best Movies to Watch,2026-03-14T6:30:00
"Karate Kid: Legends - The Ultimate Comeback Begins Now!","Are you ready to witness the return of an iconic saga? Discover a new generation of martial arts heroes in 'Karate Kid: Legends'. Will they rise to the challenge or crumble under the pressure? Join the action-packed adventure and find out! #KarateKid #ActionAdventure #Movies #WhatToWatch",https://filmospere.com/movie/karate-kid-legends-2025,https://image.tmdb.org/t/p/w500/AEgggzRr1vZCLY86MAp93li43z.jpg,Best Movies to Watch,2026-03-14T9:30:00
"Dive into the Emotional World of The Fosters!","Ready for a heartwarming drama that redefines family? Follow the journey of the Fosters, a close-knit, diverse family navigating life's challenges. Will love and resilience be enough to overcome their trials? Discover the powerful stories that will tug at your heartstrings. #movies #whattowatch #TheFosters",https://filmospere.com/movie/the-fosters-2013,https://image.tmdb.org/t/p/w500/iRCmazqaUNNsgZyR6tNDl88pXp3.jpg,Best Movies to Watch,2026-03-14T5:30:00
"Discover the Untold Mystery Behind Unbreakable's Epic Twist!","Can an ordinary man truly be invincible? Dive into the gripping world of 'Unbreakable' and unravel the secrets that lie beneath the surface. What happens when a sole survivor questions his fate? Prepare for suspense, drama, and an unforgettable twist. Don't miss this thriller that will keep you on the edge of your seat! #movies #whattowatch",https://filmospere.com/movie/unbreakable-2000,https://image.tmdb.org/t/p/w500/mLuehrGLiK5zFCyRmDDOH6gbfPf.jpg,Best Movies to Watch,2026-03-14T9:30:00
"Who You Gonna Call? Dive into the Ghostly Fun of 1984 Ghostbusters!","Ready for a hilarious adventure with ghosts and ghouls? Join Bill Murray and the gang as they save NYC from supernatural chaos. Can they handle the ectoplasmic madness? Discover the iconic comedy fantasy that started it all! #movies #whattowatch",https://filmospere.com/movie/ghostbusters-1984,https://image.tmdb.org/t/p/w500/7E8nLijS9AwwUEPu2oFYOVKhdFA.jpg,Best Movies to Watch,2026-03-15T2:30:00
"Witness the Epic Clash: Godzilla vs. Humanity!","Can humanity survive the wrath of nature's most powerful force? Dive into the thrilling world of Godzilla (2014) where action meets drama in a battle for survival. Are you ready to face the king of monsters? #movies #whattowatch",https://filmospere.com/movie/godzilla-2014,https://image.tmdb.org/t/p/w500/zokD6uxR2iWfYM3Y84yGJvnNTK7.jpg,Best Movies to Watch,2026-03-15T6:30:00
"Unlock the Heart-Pounding Secret of 'Room'!","Can a tiny room hold the key to a world of freedom and survival? Dive into the gripping tale of a mother and son's escape from captivity. How far would you go for love and freedom? Witness the breathtaking performances that make this thriller unforgettable. Discover the movie that everyone is talking about! #movies #whattowatch",https://filmospere.com/movie/room-2015,https://image.tmdb.org/t/p/w500/2hHDMeYyZjbGWn0BeNH1cTMxuM7.jpg,Best Movies to Watch,2026-03-15T9:30:00
"Bugonia: A Futuristic Heist with a Sci-Fi Twist!","What happens when a tech-savvy detective unravels a criminal conspiracy in a world where bugs can alter reality? Dive into the thrilling world of Bugonia, where science fiction meets crime drama. Are you ready to uncover the truth? #movies #whattowatch",https://filmospere.com/movie/bugonia-2025,https://image.tmdb.org/t/p/w500/oxgsAQDAAxA92mFGYCZllgWkH9J.jpg,Best Movies to Watch,2026-03-15T5:30:00
"Discover the Wildest Cooking Adventures in Another World!","Ever wondered how absurd skills can spice up your life? Dive into a fantastical world where cooking is an epic adventure! Join the journey with mouth-watering campfire recipes and a dash of magic. Can our hero cook his way to victory? Find out now! 🔥🍲 #CampfireCooking #FantasyAdventure #movies #whattowatch",https://filmospere.com/movie/campfire-cooking-in-another-world-with-my-absurd-skill-2023,https://image.tmdb.org/t/p/w500/cXc3yiQ5RrimzfucovjO83RTrnq.jpg,Best Movies to Watch,2026-03-15T9:30:00
"Get Swept Away by Love and Danger in 'Kites'!","Ready for a whirlwind of romance, drama, and high-octane action? Dive into 'Kites,' where love knows no boundaries and danger lurks at every turn. Will passion survive the ultimate test? Discover the electrifying chemistry and breathtaking stunts that make this movie unforgettable. #movies #whattowatch",https://filmospere.com/movie/kites-2010,https://image.tmdb.org/t/p/w500/lYJhUIsKtlke4gNNHkYZNppYlTZ.jpg,Best Movies to Watch,2026-03-16T2:30:00
"Discover the Ultimate Rescue Adventure with PAW Patrol!","Are you ready for a thrilling mission with the PAW Patrol pups? Join Ryder and his team as they embark on heroic adventures to save the day. Can these brave pups protect Adventure Bay from danger? Dive into this fun-filled animation and find out! Perfect for kids and family time. #PAWPatrol #Animation #KidsMovies #WhatToWatch",https://filmospere.com/movie/paw-patrol-2013,https://image.tmdb.org/t/p/w500/vN9BE385YKPgumoyrOd8Z8yh6Nn.jpg,Best Movies to Watch,2026-03-16T6:30:00
"Epic Showdown: Apes vs. Humans in a Battle for Survival!","Are you ready for the ultimate clash of species? Dive into the intense world of Caesar as he leads his apes in a gripping war for survival against humans. Discover the heart-pounding drama and sci-fi thrills that will keep you on the edge of your seat. Who will emerge victorious in this epic battle? #movies #whattowatch",https://filmospere.com/movie/war-for-the-planet-of-the-apes-2017,https://image.tmdb.org/t/p/w500/mMA1qhBFgZX8O36qPPTC016kQl1.jpg,Best Movies to Watch,2026-03-16T9:30:00
"Elysium: The Dystopian Utopia You'll Wish Was Real!","What if paradise was just out of reach? Dive into the world of Elysium, where the elite live in luxury while the rest struggle below. Can one man bridge the gap and save humanity? Discover the action-packed thriller that questions the price of utopia. #ScienceFiction #ActionThriller #WhatToWatch",https://filmospere.com/movie/elysium-2013,https://image.tmdb.org/t/p/w500/uiiXHBd9oUrtUa4YqZiAoy05cRz.jpg,Best Movies to Watch,2026-03-16T5:30:00
"Unlock the Secrets of a Perfect World in The Giver!","What if your world was devoid of pain, but also free of choice? Dive into 'The Giver' where a young man uncovers the haunting truths of a utopian society. Witness a gripping journey of discovery and rebellion. Are you ready to see beyond the facade? #movies #whattowatch",https://filmospere.com/movie/the-giver-2014,https://image.tmdb.org/t/p/w500/ckchcez2u40myIAgkfdVyzofX2T.jpg,Best Movies to Watch,2026-03-16T9:30:00
"Epic Marvel Comedy: Agent Coulson's Unexpected Adventure!","Ever wondered what happens between epic superhero battles? Follow Agent Coulson on a hilarious detour to Thor's hammer that you won't believe! Before the Avengers, there was this wild pit stop. Ready for some laughs and action? #Marvel #movies #whattowatch",https://filmospere.com/movie/marvel-one-shot-a-funny-thing-happened-on-the-way-to-thor-s-hammer-2011,https://image.tmdb.org/t/p/w500/njrOqsmFH4pxBrhcoslqLfw2OGk.jpg,Best Movies to Watch,2026-03-17T2:30:00
"Discover the Terrifying Secrets of Alien: Covenant!","Are you ready to uncover the dark mysteries of Alien: Covenant? Follow the crew of the colony ship as they explore an uncharted paradise, only to find themselves in a nightmare beyond imagination. Who will survive the ultimate test of survival against the deadly Xenomorphs? Dive into this thrilling horror sci-fi journey now! #movies #whattowatch",https://filmospere.com/movie/alien-covenant-2017,https://image.tmdb.org/t/p/w500/zecMELPbU5YMQpC81Z8ImaaXuf9.jpg,Best Movies to Watch,2026-03-17T6:30:00
"Ever Wondered How a Fake Family Smuggles Millions?","Dive into the hilarious misadventure of a small-time dealer, a stripper, a runaway, and a dorky neighbor posing as a family to pull off a risky smuggling job. Will they become the perfect 'family' or fall apart under pressure? Find out in this uproarious comedy caper! #movies #whattowatch",https://filmospere.com/movie/we-re-the-millers-2013,https://image.tmdb.org/t/p/w500/qF2LJ0jwWrtXSuT4AFD5OS2IqaT.jpg,Best Movies to Watch,2026-03-17T9:30:00
"Can You Escape Your Future? Discover the Thrill of Minority Report!","Imagine a world where crimes are stopped before they happen. What if you're accused of a crime you haven't committed yet? Dive into the intense, action-packed world of 'Minority Report' where Tom Cruise races against time to change his fate. Can he alter the future? Find out! #movies #whattowatch",https://filmospere.com/movie/minority-report-2002,https://image.tmdb.org/t/p/w500/qtgFcnwh9dAFLocsDk2ySDVS8UF.jpg,Best Movies to Watch,2026-03-17T5:30:00
"Discover the Mind-Bending Mystery of Annihilation","What happens when a team of scientists ventures into a mysterious zone where the laws of nature don't apply? Dive into a world of stunning visuals and haunting suspense. Are you ready to unravel the secrets of 'Annihilation'? #movies #whattowatch",https://filmospere.com/movie/annihilation-2018,https://image.tmdb.org/t/p/w500/4YRplSk6BhH6PRuE9gfyw9byUJ6.jpg,Best Movies to Watch,2026-03-17T9:30:00
"Remember Courage? Discover the Secrets of the Eerie Farm!","Ready for a nostalgic trip? Dive into the bizarre world of Courage the Cowardly Dog! Join Courage as he battles supernatural forces to protect his owners in the middle of nowhere. What strange creatures will he encounter next? Unravel the mystery and relive the adventure! #movies #whattowatch",https://filmospere.com/movie/courage-the-cowardly-dog-1999,https://image.tmdb.org/t/p/w500/dzD8EWDvtg7rBCINu0RCH5EUejh.jpg,Best Movies to Watch,2026-03-18T2:30:00
"Discover the Wild Side of Wall Street!","Ever wondered how a few daring minds saw the 2008 crash coming? Dive into 'The Big Short' for a hilarious and eye-opening ride through the financial world. Can comedy and drama reveal the truth behind the chaos? Don't miss this must-watch film! #movies #whattowatch",https://filmospere.com/movie/the-big-short-2015,https://image.tmdb.org/t/p/w500/scVEaJEwP8zUix8vgmMoJJ9Nq0w.jpg,Best Movies to Watch,2026-03-18T6:30:00
"Unlock the Magic: Beauty and the Beast Secrets Revealed!","Ready to step into an enchanted world where love breaks all curses? Dive into the spellbinding tale of Beauty and the Beast (2017) where romance and fantasy collide. What secrets will you uncover in this magical journey? Don't miss out on the captivating visuals and timeless story. #movies #whattowatch",https://filmospere.com/movie/beauty-and-the-beast-2017,https://image.tmdb.org/t/p/w500/hKegSKIDep2ewJWPUQD7u0KqFIp.jpg,Best Movies to Watch,2026-03-18T9:30:00
"Uncover the Dark Secrets of True Blood!","Are you ready to dive into a world where vampires and humans coexist? True Blood combines mystery, drama, and fantasy in a thrilling series that will keep you on the edge of your seat. Discover the hidden truths and forbidden romances that could change everything. Are you brave enough to enter? #TrueBlood #SciFiFantasy #Drama #Mystery #WhatToWatch",https://filmospere.com/movie/true-blood-2008,https://image.tmdb.org/t/p/w500/ktEp6fzL4xzCWsSVtrcH8JaQNQy.jpg,Best Movies to Watch,2026-03-18T5:30:00
"Is 9-1-1: Lone Star the Most Intense Drama Yet?","Ready for a heart-pounding ride? Discover the gripping world of '9-1-1: Lone Star' where drama, action, and crime collide. Can the team handle the pressure when every second counts? Dive into the adrenaline-fueled episodes and find out why this show is a must-watch! #movies #whattowatch #drama",https://filmospere.com/movie/9-1-1-lone-star-2020,https://image.tmdb.org/t/p/w500/BOTITv548LYGB4xRD3rHfbwkqm.jpg,Best Movies to Watch,2026-03-18T9:30:00
"This 1988 Crime Drama Will Haunt Your Thoughts!","Ever wondered how a single act of violence can ripple through society? Dive into 'A Short Film About Killing' and witness a gripping tale of crime and consequence. This chilling narrative will leave you questioning the nature of justice. Are you ready to explore the dark side of human nature? #movies #whattowatch #crime #drama",https://filmospere.com/movie/a-short-film-about-killing-1988,https://image.tmdb.org/t/p/w500/k7sk4yNdoXY7iwp1M9QTZuBDiJS.jpg,Best Movies to Watch,2026-03-19T2:30:00
"Epic Romance Awaits: Are You Ready for Heart-Stopping Love?","Get swept away in the passionate whirlwind of 'Three Steps Above Heaven'! Can love conquer the divide between a rebellious biker and a sheltered student? Find out in this gripping tale of romance and drama that will keep you on the edge of your seat. #movies #whattowatch",https://filmospere.com/movie/three-steps-above-heaven-2010,https://image.tmdb.org/t/p/w500/nNoMfNPnvEzGADXDkP6eJAP81KB.jpg,Best Movies to Watch,2026-03-19T6:30:00
"Unravel Love's Chaos in This Hilarious Rom-Com!","Ever wondered how one night at a bar could change your life? Dive into the chaos of love, laughter, and unexpected friendships with 'Crazy, Stupid, Love.' Will Cal win back his wife or find a new path? Join the hilarious journey that proves love is never simple. #movies #whattowatch",https://filmospere.com/movie/crazy-stupid-love-2011,https://image.tmdb.org/t/p/w500/p4RafgAPk558muOjnBMHhMArjS2.jpg,Best Movies to Watch,2026-03-19T9:30:00
"Epic Love & Vampire Drama: Breaking Dawn's Unmissable Moments!","Are you ready to witness Bella and Edward's ultimate journey? As they face new challenges and life-altering choices, discover the twists that left audiences breathless. Can love conquer all amidst supernatural chaos? Dive into the adventure, fantasy, and romance of Breaking Dawn - Part 1! #movies #whattowatch",https://filmospere.com/movie/the-twilight-saga-breaking-dawn-part-1-2011,https://image.tmdb.org/t/p/w500/qs8LsHKYlVRmJbFUiSUhhRAygwj.jpg,Best Movies to Watch,2026-03-19T5:30:00
"Discover the Revolution Behind India's Menstrual Movement!","Have you ever wondered how a simple machine can change lives? Dive into the inspiring story of women in rural India breaking the taboo of menstruation and fighting for their independence. Join their journey of empowerment and see how small actions can lead to big changes! #movies #whattowatch",https://filmospere.com/movie/period-end-of-sentence-2018,https://image.tmdb.org/t/p/w500/dsCeBj8oabzsHQOGGLPrmrqIvDs.jpg,Best Movies to Watch,2026-03-19T9:30:00
"Eclipse Secrets: Love, Danger & Choices Await!","Ready for an epic love triangle and thrilling battles? Dive into 'Eclipse,' where Bella faces tough choices between Edward and Jacob amidst a vampire war. Can she survive the chaos and follow her heart? Discover the adventure that captivated fans worldwide. #movies #whattowatch",https://filmospere.com/movie/the-twilight-saga-eclipse-2010,https://image.tmdb.org/t/p/w500/dK4Gi1UdMiHzHc7r7CZQG4IQ9Sr.jpg,Best Movies to Watch,2026-03-20T2:30:00
"Uncover Han Solo's Secret Origins - The Adventure Begins!","Ever wondered how Han Solo became the galaxy's most charming rogue? Dive into a thrilling journey filled with action, betrayal, and unexpected friendships. Discover the untold story behind the legend in this epic space adventure. Ready to explore the galaxy? #movies #whattowatch",https://filmospere.com/movie/solo-a-star-wars-story-2018,https://image.tmdb.org/t/p/w500/4oD6VEccFkorEBTEDXtpLAaz0Rl.jpg,Best Movies to Watch,2026-03-20T6:30:00
"Ralph and Vanellope's Epic Internet Adventure!","What happens when your favorite arcade duo dives into the vast world of the internet? Join Ralph and Vanellope as they navigate memes, viral videos, and online chaos in their quest to save Sugar Rush! Are you ready to break the internet with them? #movies #whattowatch",https://filmospere.com/movie/ralph-breaks-the-internet-2018,https://image.tmdb.org/t/p/w500/iVCrhBcpDaHGvv7CLYbK6PuXZo1.jpg,Best Movies to Watch,2026-03-20T9:30:00
"Survive the Zombie Apocalypse with a Pint and Laughs!","Ever wondered how a regular guy handles a zombie apocalypse? Shaun's got a plan! Dive into this hilarious horror-comedy where pub crawls meet the undead. Can Shaun save his friends and family while cracking jokes along the way? #zombies #comedy #movies #whattowatch",https://filmospere.com/movie/shaun-of-the-dead-2004,https://image.tmdb.org/t/p/w500/dgXPhzNJH8HFTBjXPB177yNx6RI.jpg,Best Movies to Watch,2026-03-20T5:30:00
"Discover the Untold Royal Struggle for a Voice!","Ever wondered how a king overcomes his greatest fear without a crown? Dive into the riveting story of King George VI and his battle with stuttering, with the help of an unorthodox speech therapist. Witness history unfold with drama and determination. Could he unite a nation with his newfound voice? #movies #whattowatch #TheKingsSpeech",https://filmospere.com/movie/the-king-s-speech-2010,https://image.tmdb.org/t/p/w500/pVNKXVQFukBaCz6ML7GH3kiPlQP.jpg,Best Movies to Watch,2026-03-20T9:30:00
"Ever Wondered How Buzz Lightyear's Epic Journey Began?","Blast off with Buzz Lightyear of Star Command: The Adventure Begins! Discover the origins of your favorite space ranger as he battles evil in this thrilling animated adventure. Can Buzz and his team save the galaxy from the clutches of Emperor Zurg? Perfect for fans of comedy, sci-fi, and family fun! #movies #whattowatch",https://filmospere.com/movie/buzz-lightyear-of-star-command-the-adventure-begins-2000,https://image.tmdb.org/t/p/w500/q3KKUunEhdmOob17JbGB1kgPfdJ.jpg,Best Movies to Watch,2026-03-21T2:30:00
"Aliens Invade Earth: Can Humanity Survive?","Ready for a heart-pounding adventure? 'War of the Worlds' takes you on a thrilling ride as Earth faces an alien invasion. Will Tom Cruise be able to protect his family and save humanity? Experience the suspense and sci-fi action that keeps you on the edge of your seat. #movies #whattowatch",https://filmospere.com/movie/war-of-the-worlds-2005,https://image.tmdb.org/t/p/w500/6Biy7R9LfumYshur3YKhpj56MpB.jpg,Best Movies to Watch,2026-03-21T6:30:00
"Discover the Hidden Heroes of 'Eternals'!","Are you ready to meet Earth's secret guardians? Dive into the epic world of 'Eternals', where ancient beings face new threats. With stunning visuals and a star-studded cast, this isn't just a movie—it's an experience. Will they save humanity or let us fall? Find out in this cosmic adventure! #movies #whattowatch #Eternals",https://filmospere.com/movie/eternals-2021,https://image.tmdb.org/t/p/w500/lFByFSLV5WDJEv3KabbdAF959F2.jpg,Best Movies to Watch,2026-03-21T9:30:00
"Uncover the Truth: Glass Holds the Key to a Superhuman Showdown","What happens when the lines between hero and villain blur? Dive into the thrilling world of 'Glass' where the fate of superhumans hangs in the balance. Can David Dunn stop the unstoppable force of The Beast and the manipulative mind of Mr. Glass? Join the epic conclusion that blurs the line between reality and fiction. #movies #whattowatch",https://filmospere.com/movie/glass-2019,https://image.tmdb.org/t/p/w500/svIDTNUoajS8dLEo7EosxvyAsgJ.jpg,Best Movies to Watch,2026-03-21T5:30:00
"Po's New Adventure: Uncover Secrets in Kung Fu Panda 4!","Ready for another epic journey with Po and the Furious Five? Discover hidden powers and face new challenges in Kung Fu Panda 4! Can Po protect the Valley of Peace from an ancient threat? Get ready for action-packed fun and heartwarming comedy! #KungFuPanda4 #movies #whattowatch",https://filmospere.com/movie/kung-fu-panda-4-2024,https://image.tmdb.org/t/p/w500/kDp1vUBnMpe8ak4rjgl3cLELqjU.jpg,Best Movies to Watch,2026-03-21T9:30:00
"Discover the Drama That Redefined Courtroom Films!","Can 12 jurors overcome their biases to deliver justice? Dive into the intense drama of '12 Angry Men,' where one man stands against the tide of doubt and prejudice. Experience a gripping narrative that questions morality and truth. Ready to witness a cinematic masterpiece? #movies #whattowatch",https://filmospere.com/movie/12-angry-men-1957,https://image.tmdb.org/t/p/w500/ow3wq89wM8qd5X7hWKxiRfsFf9C.jpg,Best Movies to Watch,2026-03-22T2:30:00
"Rediscover the Dark Magic of Batman Returns!","Can Batman save Gotham from the Penguin's sinister plot and Catwoman's seductive chaos? Dive into the thrilling fantasy of 'Batman Returns', where action meets dark intrigue. Will justice prevail in the shadows of Gotham City? #BatmanReturns #movies #whattowatch",https://filmospere.com/movie/batman-returns-1992,https://image.tmdb.org/t/p/w500/jKBjeXM7iBBV9UkUcOXx3m7FSHY.jpg,Best Movies to Watch,2026-03-22T6:30:00
"Discover the Untamed Journey of a Lifetime!","Ever dreamt of leaving it all behind to embrace the wild? Follow Christopher McCandless as he embarks on an epic adventure into the Alaskan wilderness. What challenges await in his quest for ultimate freedom? Dive into this thrilling, soul-searching story that will leave you questioning everything. #movies #whattowatch #adventure #drama",https://filmospere.com/movie/into-the-wild-2007,https://image.tmdb.org/t/p/w500/jnLnLYP5pGDfri04gxtAqAvkHMw.jpg,Best Movies to Watch,2026-03-22T9:30:00
"Unravel the Mystery: Can You Handle Prisoners' Twists?","Dive into the gripping world of 'Prisoners' where a father's desperate search for his missing daughter leads to a chilling game of cat and mouse. How far would you go to protect your family? This intense thriller will keep you on the edge of your seat. Ready to uncover the truth? #movies #whattowatch",https://filmospere.com/movie/prisoners-2013,https://image.tmdb.org/t/p/w500/jsS3a3ep2KyBVmmiwaz3LvK49b1.jpg,Best Movies to Watch,2026-03-22T5:30:00
"Uncover the Mysteries of the Crystal Skull with Indiana Jones!","Ready for an epic adventure with Indiana Jones? Dive into the legendary quest for the Crystal Skull, packed with thrilling action and ancient secrets. Will Indy outsmart his foes and unlock its power? Discover the excitement and unravel the mystery today! #IndianaJones #AdventureAwaits #movies #whattowatch",https://filmospere.com/movie/indiana-jones-and-the-kingdom-of-the-crystal-skull-2008,https://image.tmdb.org/t/p/w500/56As6XEM1flWvprX4LgkPl8ii4K.jpg,Best Movies to Watch,2026-03-22T9:30:00
