Title,Description,Link,Media URL,Pinterest board,Publish Date
Discover the Charm: Why El Chavo del Ocho is a Timeless Classic!,"Looking for movies to watch that evoke nostalgia and laughter? Dive into the beloved world of 'El Chavo del Ocho', a cinema gem from 1973 that boasts a stellar 8.0/10 rating. This classic is a must-watch for any movie lover. Explore quirky characters and heartwarming tales that transcend generations. For more film recommendations and to view iconic movie posters, visit Filmospere – your hub for the best in cinema. Don't miss out on this delightful experience!",https://filmospere.com/movie/el-chavo-del-ocho-1973,https://image.tmdb.org/t/p/original/1TdBpVOASafzfWlnecwW17UL6a5.jpg,Best Movies to Watch,2026-01-21T20:30:00
Uncover the Magic of High School D×D: A Hidden Gem of 2012,"Embark on a cinematic journey with High School D×D, a standout film of 2012 with a stunning 8.5/10 rating! Perfect for your list of 'Movies to Watch,' this thrilling tale promises to captivate cinema lovers with its unique storyline. Dive into the world where the unexpected awaits. Discover why this film is a must-watch and explore more recommendations on Filmospere. Check out the movie poster and fuel your passion for film with us!",https://filmospere.com/movie/high-school-d-d-2012,https://image.tmdb.org/t/p/original/5a9vaaLDAZTYjgfWIw7ZYhL1m1A.jpg,Best Movies to Watch,2026-01-22T00:30:00
Unlock the Thrills: Chainsaw Man is a Cinematic Adventure,"Dive into the electrifying world of 'Chainsaw Man', a must-watch cinema masterpiece of 2022! With a stellar rating of 8.5/10, this film promises to keep you on the edge of your seat. As a top pick in 'Movies to Watch', it's a film recommendation you can't miss. Check out the striking movie poster and explore why this film is the talk of the town. Visit Filmospere for more cinematic gems and find your next favorite movie adventure!",https://filmospere.com/movie/chainsaw-man-2022,https://image.tmdb.org/t/p/original/npdB6eFzizki0WaZ1OvKcJrWe97.jpg,Best Movies to Watch,2026-01-22T03:30:00
Must-Watch Drama: Exploring 'Life in a Year' (2020),"Looking for your next favorite cinema masterpiece? 'Life in a Year' (2020) is a touching film on life's precious moments, rated 8.2/10. Dive into this unique story that's more than just a movie, it's an experience. Whether you’re adding to your 'Movies to Watch' list or seeking film recommendations, this one's a gem. Find the captivating movie poster and other insights on Filmospere—it’s your new go-to for cinema lovers!",https://filmospere.com/movie/life-in-a-year-2020,https://image.tmdb.org/t/p/original/bP7u19opmHXYeTCUwGjlLldmUMc.jpg,Best Movies to Watch,2026-01-22T20:30:00
Discover the Cult Favorite: Unravel 'Community' (2009),"Dive into the eccentric world of 'Community' (2009), a must-watch in our Movies to Watch list with its brilliant blend of humor and cinema magic. This hidden gem scores an impressive 8.0/10 and is a strong Film Recommendation for anyone looking to explore innovative storytelling. Check out the iconic Movie Poster and explore why this series is a standout in its genre. Visit Filmospere for even more engaging insights and recommendations—your ultimate destination for film enthusiasm!",https://filmospere.com/movie/community-2009,https://image.tmdb.org/t/p/original/3KUjDt8XY7w2Ku70UE0SECmv1zP.jpg,Best Movies to Watch,2026-01-23T00:30:00
Why 'The Count of Monte Cristo' (2002) is a Timeless Cinema Gem,"Looking for unforgettable Movies to Watch? Dive into The Count of Monte Cristo (2002), a thrilling tale of betrayal and revenge that captivates any movie-lover. With a stellar 7.7/10 rating, this Film Recommendation is a must-see in the Cinema genre. Discover why it's more than just a Movie Poster - it's an experience that will linger with you. Visit Filmospere.com for more hidden gems and explore our curated recommendations!",https://filmospere.com/movie/the-count-of-monte-cristo-2002,https://image.tmdb.org/t/p/original/ifMgDAUXVQLY4DeOu3VTTi55jSP.jpg,Best Movies to Watch,2026-01-23T03:30:00
Discover the Charm of The Grand Budapest Hotel: A Cinematic Gem,"Looking for movies to watch? Dive into 'The Grand Budapest Hotel', a vibrant adventure filled with quirky characters and stunning visuals. This cinema masterpiece, rated 8.0/10, combines humor and mystery in a unique storytelling style. A perfect film recommendation for any movie lover! Check out the movie poster and more on Filmospere, your gateway to unforgettable films. Don't miss this cinematic treat!",https://filmospere.com/movie/the-grand-budapest-hotel-2014,https://image.tmdb.org/t/p/original/eWdyYQreja6JGCzqHWXpWHDrrPo.jpg,Best Movies to Watch,2026-01-23T15:30:00
Discover 'The Strain': A Cinematic Thriller You Can't Miss,"Dive into the gripping world of 'The Strain' - a 2014 cinema masterpiece with a rating of 7.5/10. Perfect for those searching for Movies to Watch, this chilling thriller blurs the line between science and suspense. Let the movie poster draw you in, then stay for the edge-of-your-seat excitement. Ready for a thrilling cinematic journey? Visit Filmospere for this and more Film Recommendations tailored for every movie-lover's watchlist.",https://filmospere.com/movie/the-strain-2014,https://image.tmdb.org/t/p/original/2BWErT9QcADpf2G4BZ769eSnFTP.jpg,Best Movies to Watch,2026-01-23T20:30:00
Uncover the Flashpoint Twist: A Must-Watch Animation Adventure!,"Dive into the thrilling world of 'Justice League: The Flashpoint Paradox', a 2013 animated gem that redefines the Cinema genre with its gripping storyline! Discover why this 7.9 rated movie is a top pick on our Movies to Watch list. Explore the iconic Movie Poster and unravel the mystery behind a world where heroes are few and far between. Visit Filmospere for more Film Recommendations and join us in celebrating this masterpiece!",https://filmospere.com/movie/justice-league-the-flashpoint-paradox-2013,https://image.tmdb.org/t/p/original/hg6RYpSb3vU4i3yQDtE1YhSZNh5.jpg,Best Movies to Watch,2026-01-24T00:30:00
Must Watch: Person of Interest - A Mind-Bending 2011 Thriller,"Dive into the world of 'Person of Interest', a gripping 2011 cinema gem rated 8.1/10. This is one of those movies to watch if you're seeking an intense journey through suspense and thrills. Discover why it's an underrated film recommendation you can't miss. Explore the expertly crafted plot and dynamic characters in this movie poster and more insights on Filmospere. Unleash your inner movie-lover and join us for more film recommendations now!",https://filmospere.com/movie/person-of-interest-2011,https://image.tmdb.org/t/p/original/6FuKOyJgViZXgMDOq9djFJLWPqX.jpg,Best Movies to Watch,2026-01-24T03:30:00
Epic Cinematic Showdown: The Battle of the Five Armies You Can't Miss,"Dive into the epic finale of Middle-earth's saga with 'The Hobbit: The Battle of the Five Armies'. Witness the heart-pounding battle for control as alliances form and destinies collide. Perfect for your list of movies to watch, this 2014 blockbuster is a cinema spectacle filled with action, drama, and breathtaking visuals. Discover more exciting film recommendations and explore movie posters at Filmospere for an unforgettable movie journey!",https://filmospere.com/movie/the-hobbit-the-battle-of-the-five-armies-2014,https://image.tmdb.org/t/p/original/xT98tLqatZPQApyRmlPL12LtiWp.jpg,Best Movies to Watch,2026-01-24T11:30:00
The Thrills of Silence: Must Watch 'A Quiet Place',Discover why 'A Quiet Place' is a must on your list of Movies to Watch! This 2018 Cinema gem with a 7.4/10 rating offers a thrilling experience without relying on dialogue. Looking for a unique Film Recommendation? Dive into the suspense and silent terror that will keep you on the edge of your seat. Explore more movie insights at Filmospere where every Movie Poster tells a story. Don't miss adding this to your watchlist!,https://filmospere.com/movie/a-quiet-place-2018,https://image.tmdb.org/t/p/original/nAU74GmpUk7t5iklEp3bufwDq4n.jpg,Best Movies to Watch,2026-01-24T15:30:00
Discover the Magic of Star Trek: Discovery - A Sci-Fi Must-Watch!,"Dive into the exhilarating universe of 'Star Trek: Discovery'! This 2017 Sci-Fi cinema marvel promises thrilling adventures. Whether you're seeking Movies to Watch or crave a new Film Recommendation, this title delivers. Explore a captivating saga where no trek into the stars is ever ordinary. Check out the intriguing Movie Poster and join Filmospere for must-see insights. Immerse yourself today and find out why this gem rates a solid 7.0/10!",https://filmospere.com/movie/star-trek-discovery-2017,https://image.tmdb.org/t/p/original/xwpOHgym48Ftz7fbJq5te5xoiwu.jpg,Best Movies to Watch,2026-01-24T20:30:00
Rediscover This Classic: A Trip to the Moon's Sci-Fi Origins,"Explore the cinematic wonder of 'A Trip to the Moon' (1902), a must-see in early science fiction movies to watch. Embark on a mystical journey that set the stage for future cinema. Dive into the world of this spellbinding movie poster that captures imagination. Looking for a unique film recommendation? Discover more about this groundbreaking piece at Filmospere, your go-to for insightful movie exploration. Visit us and enrich your cinema journey!",https://filmospere.com/movie/a-trip-to-the-moon-1902,https://image.tmdb.org/t/p/original/9o0v5LLFk51nyTBHZSre6OB37n2.jpg,Best Movies to Watch,2026-01-25T00:30:00
Relive the Hilarious Antics of Drake & Josh: A 2000s Gem,"Discover why 'Drake & Josh' remains a beloved series from the early 2000s! With its unforgettable moments and comedic genius, this show is a must on your 'Movies to Watch' list. Rewind the clock and immerse yourself in the laughter and chaos of this cultural favorite from Cinema. For more hidden gems and 'Film Recommendations', head over to Filmospere where every movie-lover finds their next favorite 'Movie Poster'.",https://filmospere.com/movie/drake-josh-2004,https://image.tmdb.org/t/p/original/udCvGctktHvvf8w51XyTPfcmzDa.jpg,Best Movies to Watch,2026-01-25T03:30:00
8 Reasons Hacksaw Ridge Will Leave You Awestruck in 2016 Cinema,"Looking for movies to watch that redefine bravery? Hacksaw Ridge is a cinematic masterpiece with an inspiring true story. Witness an unarmed hero's valor during WWII. Dive into this film recommendation with stunning visuals and incredible storytelling. Discover more about this powerful movie poster and genre at Filmospere, your ultimate guide to unforgettable cinema. Don't miss one of the best films of 2016!",https://filmospere.com/movie/hacksaw-ridge-2016,https://image.tmdb.org/t/p/original/wuz8TjCIWR2EVVMuEfBnQ1vuGS3.jpg,Best Movies to Watch,2026-01-25T11:30:00
Dune (2021): Must-Watch Sci-Fi Adventure That Transcends Worlds!,"Looking for mesmerizing Movies to Watch? Dive into the cinematic universe of 'Dune' (2021), a Filmospere Film Recommendation! This stunning visual spectacle is not just a Movie Poster to gawk at but an epic journey across vast deserts and intricate political landscapes. Perfect for any Cinema lover, 'Dune' will keep you intrigued with its thrilling plot and sterling performances. Explore more must-watch films like this on Filmospere today!",https://filmospere.com/movie/dune-2021,https://image.tmdb.org/t/p/original/d5NXSklXo0qyIYkgV94XAgMIckC.jpg,Best Movies to Watch,2026-01-25T15:30:00
Explore the New Dimensions of Ohana in Lilo & Stitch 2025!,Why put 'Lilo & Stitch' on your list of must-see Movies to Watch in 2025? The beloved story finds its way back to Cinema with fresh adventures and a heartwarming twist. Perfect for those cozy movie nights! Check out the enchanting Movie Poster and see why this Film Recommendation is causing a buzz. Visit Filmospere.com for more insights and keep your watchlist growing with us!,https://filmospere.com/movie/lilo-stitch-2025,https://image.tmdb.org/t/p/original/ckQzKpQJO4ZQDCN5evdpKcfm7Ys.jpg,Best Movies to Watch,2026-01-25T20:30:00
Network: A Must-Watch Cinematic Masterpiece from 1976,"Discover the groundbreaking film 'Network' (1976), a must-add to your Movies to Watch list! With a 7.8/10 rating, this Cinema classic sheds light on media's wild world. Step into an era where a news anchor's unexpected on-air outburst shakes the industry. Dive into our Film Recommendation for a timeless Movie Poster-worthy watch. Explore more cinematic gems at Filmospere and fuel your movie passion with us today!",https://filmospere.com/movie/network-1976,https://image.tmdb.org/t/p/original/uFmgWfiykZhStfs1B13fFdUO1Pk.jpg,Best Movies to Watch,2026-01-26T00:30:00
Rediscover 'Lolita' (1997): A Cinematic Gem You Can't Miss!,"Step into the enticing world of 'Lolita' (1997), a cinema classic with a gripping plot that captures hearts. Rated 7.1/10, this film is a must-watch for any movie enthusiast. Perfect for your next ""Movies to Watch"" list, discover why it's a standout in the Cinema genre. Dive into detailed insights on Filmospere and uncover captivating movie posters that enhance the story's allure. Don't miss this film recommendation!",https://filmospere.com/movie/lolita-1997,https://image.tmdb.org/t/p/original/9INcC14WZjCMKGE360VXmklCLdZ.jpg,Best Movies to Watch,2026-01-26T03:30:00
Must Watch Thriller: Discover the Depths of 'Prisoners' (2013),"Looking for gripping Movies to Watch? Dive into 'Prisoners' (2013), a chilling Cinema masterpiece. Starring Hugh Jackman, this film takes you on an emotional rollercoaster as a father's desperate search for his missing child unfolds. A high-stakes thriller with an IMDb rating of 8.1/10, it's a must-see for any movie enthusiast. Explore our exclusive Film Recommendation on Filmospere and gaze at the stunning Movie Poster that captures its intense essence!",https://filmospere.com/movie/prisoners-2013,https://image.tmdb.org/t/p/original/jsS3a3ep2KyBVmmiwaz3LvK49b1.jpg,Best Movies to Watch,2026-01-26T11:30:00
Unsung Brilliance: Discover Why 'Fury' Should Be On Your Watchlist,"Dive into the gripping wartime action of 'Fury'—a cinematic marvel from 2014 that has captured movie lovers' hearts with its raw portrayal of bravery. Rated a solid 7.5/10, this film is a must-see for genre enthusiasts. Looking for captivating Movies to Watch and Film Recommendations? 'Fury' stands out as a hidden gem within war cinema. Visit Filmospere for this and more Movie Posters and reviews. Don’t miss out on this exhilarating journey into cinema’s fierce tales!",https://filmospere.com/movie/fury-2014,https://image.tmdb.org/t/p/original/pfte7wdMobMF4CVHuOxyu6oqeeA.jpg,Best Movies to Watch,2026-01-26T15:30:00
Must Watch: Discover the Alluring Tale of 'Companion' (2025),"Dive into the captivating world of 'Companion' - a cinema gem of 2025 with a 7.0/10 rating! If you're seeking Movies to Watch that offer intriguing narratives and unforgettable experiences, this one should be on your list. Looking for a Film Recommendation to ignite your passion for cinematic adventures? Filmospere invites you to explore the mysteries within. Check out the movie poster and get ready for an enthralling journey!",https://filmospere.com/movie/companion-2025,https://image.tmdb.org/t/p/original/oCoTgC3UyWGfyQ9thE10ulWR7bn.jpg,Best Movies to Watch,2026-01-26T20:30:00
Discover the Hidden Gem: Why 'The Way Way Back' is Unmissable!,"Searching for movies to watch that capture the charm of coming-of-age tales? 'The Way Way Back' (2013) combines humor and heart in a captivating story that's perfect for any cinema enthusiast. This film recommendation showcases a young boy's transformative summer adventure, making it a standout in modern cinema. Dive into the nuances and enjoy our exclusive insights at Filmospere. Check out the movie poster and see why this deserves a spot on your watchlist!",https://filmospere.com/movie/the-way-way-back-2013,https://image.tmdb.org/t/p/original/4DgA0EDDVv37C8xISc3Vv0rhxlL.jpg,Best Movies to Watch,2026-01-27T00:30:00
Must Watch: The Hidden Brilliance of 2022's 'Luck',"Discover the magic behind 'Luck', a 2022 cinematic treasure with a 7.7/10 rating that's flying under the radar! If you're hunting for Movies to Watch, this film is a must-see. Dive into its unexpected twists and enchanting moments that have captivated audiences. Check out the dazzling Movie Poster and embrace this Film Recommendation today! For more movie gems like this, explore Filmospere and fuel your cinema passion. #CinemaLoversUnite",https://filmospere.com/movie/luck-2022,https://image.tmdb.org/t/p/original/1HOYvwGFioUFL58UVvDRG6beEDm.jpg,Best Movies to Watch,2026-01-27T03:30:00
Despicable Me 2: A Mischievous Animated Tale Worth Watching!,"Dive into the whimsical world of Despicable Me 2, where mischief meets heart! A charming cinema adventure with plenty of laughs and lovable Minions. Need a Film Recommendation? Look no further. Movies to Watch on your list just got more fun, and our Movie Poster will remind you why. Visit Filmospere.com for a deeper look into the quirky, animated capers that brighten movie nights. Perfect for any fan of animated Cinema!",https://filmospere.com/movie/despicable-me-2-2013,https://image.tmdb.org/t/p/original/oyMPJJZoOpLHgJoFPUOn6DgkbWJ.jpg,Best Movies to Watch,2026-01-27T11:30:00
Must Watch: The Unforgettable Journey of '12 Years a Slave',"Looking for movies to watch that leave a lasting impact? '12 Years a Slave' is a cinema masterpiece with a powerful narrative and stellar performances. This 2013 film will take you on an emotional journey through history like no other. Discover why this highly rated movie is a must-see. For more film recommendations and movie posters, explore Filmospere, your go-to source for captivating cinema insights!",https://filmospere.com/movie/12-years-a-slave-2013,https://image.tmdb.org/t/p/original/xdANQijuNrJaw1HA61rDccME4Tm.jpg,Best Movies to Watch,2026-01-27T15:30:00
Epic Revenge Saga: Why 'The Count of Monte Cristo' 2024 is a Must-Watch,"Looking for movies to watch with a captivating storyline? Discover the thrilling 2024 adaptation of 'The Count of Monte Cristo'. This cinema gem, rated 7.9/10, delivers intense drama and unforgettable moments. Don't miss out on this exhilarating film recommendation. Check out the stunning movie poster and delve into the ultimate tale of revenge. Head to Filmospere for more exciting film insights and recommendations!",https://filmospere.com/movie/the-count-of-monte-cristo-2024,https://image.tmdb.org/t/p/original/sAT1P3FGhtJ68anUyJScnMu8t1l.jpg,Best Movies to Watch,2026-01-27T20:30:00
Unveil the Captivating Tale: Palmer - A Must Watch Drama for 2021!,"Searching for Movies to Watch? Dive into 'Palmer', a remarkable 2021 Cinema treasure rated 8.1/10. This gripping drama uncovers the story of an ex-convict seeking redemption, and is sure to tug at your heartstrings. Perfect for any Film Recommendation list, its powerful narrative makes it a standout. Check out the Movie Poster and other details on Filmospere, your go-to source for movie lovers!",https://filmospere.com/movie/palmer-2021,https://image.tmdb.org/t/p/original/xSDdRAjxKAGi8fUBLOqSrBhJmF0.jpg,Best Movies to Watch,2026-01-28T00:30:00
Discover the Charm of 'We Bare Bears': A Hidden Cinema Delight!,"Looking for movies to watch? Dive into the animated delight of 'We Bare Bears' (2015) with a great 7.7 rating. This cinema gem offers a heartwarming adventure that's ideal for all ages. Explore the charming world and bond with the lovable trio of bears. Check out the movie poster and other recommendations on Filmospere — your ultimate film hub. Happy watching, fellow movie lover!",https://filmospere.com/movie/we-bare-bears-2015,https://image.tmdb.org/t/p/original/3xWzlLZ0kAD6SkVZTekFM9lxZyP.jpg,Best Movies to Watch,2026-01-28T03:30:00
Why Oppenheimer (2023) is a Must-Watch Cinematic Experience,"Ready for a thrilling journey into the story that shaped history? Oppenheimer (2023) offers an 8.0/10 star blend of compelling narrative and stunning visuals. As a movie enthusiast seeking top 'Movies to Watch,' this cinema gem should not be missed! Dive into our detailed Film Recommendation on Filmospere for insights and captivating Movie Posters. Perfect for those who admire the profound impact a film can project. Discover more exciting cinema choices at Filmospere today!",https://filmospere.com/movie/oppenheimer-2023,https://image.tmdb.org/t/p/original/8Gxv8gSFCU0XGDykEGv7zR1n2ua.jpg,Best Movies to Watch,2026-01-28T11:30:00
Unmissable Chaos: Birds of Prey & Harley Quinn's Wild Journey,"Dive into the dazzling whirlwind of 'Birds of Prey (2020)' and witness the Fantabulous Emancipation of Harley Quinn! A must-watch cinema treasure for every movie-lover. Discover why this film is a top choice in our 'Movies to Watch' list. Captivating action, humor, and a rebellious ensemble await you. Browse captivating movie posters and more Film Recommendations at Filmospere.com—your ultimate Cinephile destination!",https://filmospere.com/movie/birds-of-prey-and-the-fantabulous-emancipation-of-one-harley-quinn-2020,https://image.tmdb.org/t/p/original/h4VB6m0RwcicVEZvzftYZyKXs6K.jpg,Best Movies to Watch,2026-01-28T15:30:00
Discover the Allure of 'The Idea of You' - A Cinematic Journey,"Looking for must-watch Movies to Watch? Dive into 'The Idea of You', the newest addition to your Film Recommendation list from Filmospere. With its 2024 release, this cinema gem boasts a compelling 7.3/10 rating. Although the plot remains a mystery, it's a captivating tale that promises to enchant every movie lover. Explore our Movie Poster collection and engage with the cinema genre. Don't miss the chance to add this intriguing film to your watchlist. Visit Filmospere for more insights!",https://filmospere.com/movie/the-idea-of-you-2024,https://image.tmdb.org/t/p/original/Y5P4Q3q8nrruZ9aD3wXeJS2Plg.jpg,Best Movies to Watch,2026-01-28T20:30:00
Discover Why 'Ghost Whisperer' is a Haunted Must-Watch,"Looking for Movies to Watch that blend mystery and supernatural drama? 'Ghost Whisperer' 2005 dazzles with twists and eerie allure—an 8.1/10 gem! Whether you're a seasoned film critic or a casual viewer, this Film Recommendation won't disappoint. Explore the spirits' secrets and enjoy a captivating blend of heart and horror. Don't forget to visit Filmospere for more intriguing Movie Posters and cinema insights!",https://filmospere.com/movie/ghost-whisperer-2005,https://image.tmdb.org/t/p/original/9ZtGupUFaHhws7mOcwhNTtRpRHC.jpg,Best Movies to Watch,2026-01-29T00:30:00
Unveiling Hawaii Five-0: A Thrilling 2010 Cinematic Ride!,"Looking for riveting Movies to Watch? Dive into the thrilling world of 'Hawaii Five-0', a 2010 gem that has captured audience hearts with its 7.8/10 rating! This Cinema masterpiece offers action-packed adventures and unforgettable characters. Need movie inspiration? Head over to Filmospere for more Film Recommendations and Movie Posters that celebrate the best in cinema!",https://filmospere.com/movie/hawaii-five-0-2010,https://image.tmdb.org/t/p/original/sIdCKlmM2nU4akIvFQaAIiU8YES.jpg,Best Movies to Watch,2026-01-29T03:30:00
Looper: A Thrilling Sci-Fi Adventure You Need to See,"Dive into the world of 'Looper', an underrated Cinema gem from 2012 that's perfect for your 'Movies to Watch' list. With mind-bending twists and an engaging plot, it's a film recommendation that sci-fi enthusiasts won't want to miss! Explore not just the action, but the unique storyline that challenges time itself. Check out Filmospere for the movie poster and more insights into this riveting tale. Discover why 'Looper' stands out in the world of Cinema!",https://filmospere.com/movie/looper-2012,https://image.tmdb.org/t/p/original/sNjL6SqErDBE8OUZlrDLkexfsCj.jpg,Best Movies to Watch,2026-01-29T11:30:00
Toy Story 4: Why This 2019 Cinema Gem Deserves a Rewatch,"On the hunt for Movies to Watch? Discover the playful magic of Pixar's Toy Story 4! With a 7.5/10 rating, join Woody and the gang on an unforgettable adventure that redefines friendship and loyalty. This Cinema classic is more than just a Movie Poster, it's a heartfelt journey. For more Film Recommendations, visit us at Filmospere.com and dive into a world where toys come to life. Don't miss out on this enchanting tale!",https://filmospere.com/movie/toy-story-4-2019,https://image.tmdb.org/t/p/original/w9kR8qbmQ01HwnvK4alvnQ2ca0L.jpg,Best Movies to Watch,2026-01-29T15:30:00
Silo (2023): The Hidden Gem You Can't Miss in Cinema!,"Discover Silo, a 2023 cinema treasure with an 8.1/10 rating. Perfect for your next 'Movies to Watch' list, this underrated film is a must-see! Silo takes you on an unexpected journey that defies conventional storytelling. If you're after a top-tier Film Recommendation and a memorable Movie Poster for your collection, look no further. Explore more intriguing films like this at Filmospere and let your movie night be unforgettable!",https://filmospere.com/movie/silo-2023,https://image.tmdb.org/t/p/original/c2OijvbFEXBW1onbzuvENr4CGQB.jpg,Best Movies to Watch,2026-01-29T20:30:00
Must Watch: Sense and Sensibility - Timeless Romance & Intrigue,"Looking for Movies to Watch that blend drama with timeless romance? Don't miss Sense and Sensibility (1995)! This captivating film unfolds the trials and triumphs of the Dashwood sisters. Perfect for a Cinema night, it's a Film Recommendation you'll cherish. Discover the charm in its Movie Poster & lose yourself in its rich narrative. Visit Filmospere for more endless movie adventures!",https://filmospere.com/movie/sense-and-sensibility-1995,https://image.tmdb.org/t/p/original/cBK2yL3HqhFvIVd7lLtazWlRZPR.jpg,Best Movies to Watch,2026-01-30T00:30:00
Revisit Childhood Magic: Why Hocus Pocus 2 is a Must-Watch,"Step into nostalgia with 'Hocus Pocus 2', a captivating addition to your Movies to Watch list! This 2022 Cinema release is sure to enthrall with its magically entertaining plot and enchanting characters. Looking for a hilarious and spooky Film Recommendation? We've got you covered. Check out the iconic Movie Poster, reminisce old times, and see why fans are rating it 7.2/10. Dive into the magic only at Filmospere!",https://filmospere.com/movie/hocus-pocus-2-2022,https://image.tmdb.org/t/p/original/7ze7YNmUaX81ufctGqt0AgHxRtL.jpg,Best Movies to Watch,2026-01-30T03:30:00
Discover 5 Reasons Shazam! Will Electrify Your Movie Night,"Looking for movies to watch that fuse action, humor, and heart? Dive into Shazam!, where an ordinary teen magically transforms into a superhero. It's a whirlwind of cinema magic that movie lovers can’t miss! Plus, explore why this 2019 gem holds a solid 7.0 rating. For a thrilling Film Recommendation and stunning Movie Poster, visit Filmospere. Get ready for an electrifying experience!",https://filmospere.com/movie/shazam-2019,https://image.tmdb.org/t/p/original/xnopI5Xtky18MPhK40cZAGAOVeV.jpg,Best Movies to Watch,2026-01-30T11:30:00
Dive into Chaos: Doctor Strange's Multiverse Adventure Awaits!,"Explore the thrilling chaos of 'Doctor Strange in the Multiverse of Madness' - a cinema experience like no other! Perfect for your Movies to Watch list, this film bursts with cosmic action and mind-bending twists. From the creative minds at Marvel, it's a Film Recommendation you'll love. Check out this intriguing Movie Poster and join us at Filmospere to dive deeper into the adventure. Don't miss out on this cinematic gem!",https://filmospere.com/movie/doctor-strange-in-the-multiverse-of-madness-2022,https://image.tmdb.org/t/p/original/ddJcSKbcp4rKZTmuyWaMhuwcfMz.jpg,Best Movies to Watch,2026-01-30T15:30:00
Must Watch: Ong-Bak – Unleashing Martial Arts Fury in 2003!,"Get ready for a thrilling ride with Ong-Bak, a 2003 cinema gem that redefined action! With a rating of 7.1/10, this movie is a must-watch for martial arts fans. Discover why it's a top Film Recommendation for anyone seeking a high-octane experience. Dive into the world of adrenaline-pumping action with spectacular stunts. See the iconic Movie Poster and explore more Movies to Watch on Filmospere – your ultimate guide to the cinematic universe!",https://filmospere.com/movie/ong-bak-2003,https://image.tmdb.org/t/p/original/oagqAwp48dMPoCT94yDJUDOCVPi.jpg,Best Movies to Watch,2026-01-30T20:30:00
Infernal Affairs: A Riveting Crime Drama You Can't Miss!,"Discover why 'Infernal Affairs', the 2002 cinema gem with a 7.8/10 rating, stands out in the crime genre. Amidst the tight-rope tension of a cop living undercover and a mole in the police, this film delivers an unforgettable twist. Rated as one of the top movies to watch, it's a must for any film enthusiast. Check out the captivating movie poster and more film recommendations at Filmospere!",https://filmospere.com/movie/infernal-affairs-2002,https://image.tmdb.org/t/p/original/gix9thDBXfjJ8M7rYbihqbQGBcP.jpg,Best Movies to Watch,2026-01-31T00:30:00
Why 'The Ten Commandments' is a Timeless Epic You Can't Miss,"Step back in time with this 1956 cinematic marvel! 'The Ten Commandments' is a must on your Movies to Watch list. With a stellar 7.8/10 rating, it remains a pinnacle of Cinema that will captivate history buffs and film lovers alike. Dive into this epic tale of liberation and faith that has enthralled audiences for decades. Visit Filmospere for the original Movie Poster and our enthusiastic Film Recommendation from one movie-lover to another!",https://filmospere.com/movie/the-ten-commandments-1956,https://image.tmdb.org/t/p/original/3Ei59AR64x6dMZfWobPCkZjbqTL.jpg,Best Movies to Watch,2026-01-31T03:30:00
Discover the Magic of 'The Greatest Showman': A Must-Watch Cinema Delight!,"Step right up and dive into the enchanting world of 'The Greatest Showman'! This 2017 cinematic masterpiece is a must-see for every film enthusiast. With a stellar 7.9/10 rating, it's one of those movies to watch that captivates with its spectacular visuals and unforgettable music. Looking for your next film recommendation or a stunning movie poster? Join us at Filmospere to explore more about this incredible film and other cinema gems. Don't miss the magic!",https://filmospere.com/movie/the-greatest-showman-2017,https://image.tmdb.org/t/p/original/b9CeobiihCx1uG1tpw8hXmpi7nm.jpg,Best Movies to Watch,2026-01-31T11:30:00
Must Watch: Room (2015) - A Captivating Tale of Resilience,"Searching for movies to watch that touch the heart and soul? Room (2015) is a cinema marvel with an 8.0/10 rating, showcasing the profound bond between a mother and her son in captivity. This film is a standout movie recommendation, offering more than just a thrilling escape, but a journey of hope and strength. Explore movie posters and get more insights into cinema gems like these on Filmospere. Don't miss this unforgettable film experience!",https://filmospere.com/movie/room-2015,https://image.tmdb.org/t/p/original/2hHDMeYyZjbGWn0BeNH1cTMxuM7.jpg,Best Movies to Watch,2026-01-31T15:30:00
Must Watch: Andor - A 2022 Cinematic Marvel with an 8.3/10 Rating!,"Dive into 'Andor', a 2022 cinema sensation that's among the top Movies to Watch this year! With an impressive 8.3/10 rating, this film promises gripping storytelling and stellar performances. Perfect for those seeking great Film Recommendations, it stands out as a Movie Poster-worthy title in the genre. Discover more gems like this on Filmospere and enhance your watchlist with our curated picks!",https://filmospere.com/movie/andor-2022,https://image.tmdb.org/t/p/original/khZqmwHQicTYoS7Flreb9EddFZC.jpg,Best Movies to Watch,2026-01-31T20:30:00
Discover Why 'Minari' is 2021’s Hidden Gem!,"Dive into 'Minari', an inspiring 2021 cinematic treasure that's not only a Movies to Watch list staple but a unique Film Recommendation for any film lover! While there's no overview available, imagine a poignant journey through family, dreams, and resilience. Unravel personal stories through the stunning Movie Poster and rich cinema narrative. Head over to Filmospere to explore more on why this film should captivate your heart!",https://filmospere.com/movie/minari-2021,https://image.tmdb.org/t/p/original/6mPNdmjdbVKPITv3LLCmQoKs9Zw.jpg,Best Movies to Watch,2026-02-01T00:30:00
Must Watch: The End of Evangelion – Anime's Deepest Mind-Bender,"Dive into an unforgettable cinematic experience with 'Neon Genesis Evangelion: The End of Evangelion'. This 1997 classic is a must on your 'Movies to Watch' list, captivating audiences with its complex narrative and stunning visuals. Discover why it's a top film recommendation for any anime and cinema enthusiast. Check out exclusive insights and the iconic movie poster on Filmospere. Join us, movie-lover to movie-lover, and explore the genius of this genre-defining masterpiece!",https://filmospere.com/movie/neon-genesis-evangelion-the-end-of-evangelion-1997,https://image.tmdb.org/t/p/original/j6G24dqI4WgUtChhWjfnI4lnmiK.jpg,Best Movies to Watch,2026-02-01T03:30:00
Unravel the Horror: 5 Reasons It Chapter Two Will Haunt You,"Dive into the spine-chilling universe of It Chapter Two, a must-watch for Cinema fans. Discover the thrilling continuation of Stephen King's horror saga that has captivated audiences. Looking for Movies to Watch? Let Filmospere guide you. Explore why this film has an impressive 6.8/10 rating and find out what makes it a top Film Recommendation. Check out the striking Movie Poster and join the discussion on Filmospere today!",https://filmospere.com/movie/it-chapter-two-2019,https://image.tmdb.org/t/p/original/zfE0R94v1E8cuKAerbskfD3VfUt.jpg,Best Movies to Watch,2026-02-01T11:30:00
Unlikely Road Trip Fun in 'We're the Millers' (2013) – A Comedy Adventure,"Looking for laughter-filled Movies to Watch? 'We're the Millers' (2013) delivers a hilarious Cinema experience with its unique plot of a fake family on a wild road trip, packed with mishaps and laughs. This Filmosphere recommendation shouldn't be missed by comedy lovers! Discover more fun Film Recommendations and check out the iconic Movie Poster, capturing the chaos in style. Dive into the world of comedy and explore a surprising journey with us at Filmospere!",https://filmospere.com/movie/we-re-the-millers-2013,https://image.tmdb.org/t/p/original/qF2LJ0jwWrtXSuT4AFD5OS2IqaT.jpg,Best Movies to Watch,2026-02-01T15:30:00
Why 'The Gold Rush' is a Timeless Cinema Classic,"Step into the silent film era with Charlie Chaplin's 'The Gold Rush', a 1925 gem every movie-lover should explore. Rated 8.0, this iconic piece of cinema stands as a testament to Chaplin's comedic brilliance and storytelling flair. If you're curating your Movies to Watch list or on a quest for inspiring Film Recommendations, this classic should top your list. Discover more about this timeless masterpiece on Filmospere. Don't forget to pin this Movie Poster to share the magic!",https://filmospere.com/movie/the-gold-rush-1925,https://image.tmdb.org/t/p/original/eQRFo1qwRREYwj47Yoe1PisgOle.jpg,Best Movies to Watch,2026-02-01T20:30:00
Discover 'Elementary': 2012's Hidden Gem That Thrilled Cinema Fans,"Looking for captivating movies to watch? Dive into the intriguing world of 'Elementary.' With a 7.6/10 rating, this 2012 cinema treasure remains a must-see film recommendation. Uncover the suspense and allure that captivated audiences, making it a standout in its genre. Explore its intricate plot twists and engaging storytelling that keep viewers hooked. Head to Filmospere for more insights and movie posters that celebrate this thrilling experience!",https://filmospere.com/movie/elementary-2012,https://image.tmdb.org/t/p/original/q9dObe29W4bDpgzUfOOH3ZnzDbR.jpg,Best Movies to Watch,2026-02-02T00:30:00
Discover the Eerie Beauty of Marrowbone - A Must-Watch Thriller,"Looking for captivating movies to watch? Dive into the chilling world of 'Marrowbone', an intriguing 2017 cinema gem rated 7.3/10. Unravel the haunting mystery surrounding a family cloaked in secrets. This film is a top-notch film recommendation for any thriller enthusiast. Explore the gripping narrative with its captivating movie poster that invites you in. Visit Filmospere for more thrilling recommendations. A perfect blend of suspense and drama awaits you!",https://filmospere.com/movie/marrowbone-2017,https://image.tmdb.org/t/p/original/iX77zMSqUv2Qt7ToEnN2mmEudEf.jpg,Best Movies to Watch,2026-02-02T03:30:00
Discover the Untold Adventure: Solo: A Star Wars Story Must Watch,"Embark on an intergalactic adventure with Solo: A Star Wars Story, a standout in the sci-fi genre! Rated 6.6/10, this 2018 film is a must-see for movie lovers. Dive into the thrilling escapades of young Han Solo as you explore epic battles and deep space mysteries. Looking for more great Films? Check out Filmospere for top Movies to Watch, Film Recommendations, and capturing Movie Posters. Don’t miss this Cinema gem on your movie night!",https://filmospere.com/movie/solo-a-star-wars-story-2018,https://image.tmdb.org/t/p/original/4oD6VEccFkorEBTEDXtpLAaz0Rl.jpg,Best Movies to Watch,2026-02-02T11:30:00
"Romantic Comedy Bliss: Discover Why 'Crazy, Stupid, Love.' is a Must Watch!","Searching for movies to watch? Dive into the charming world of 'Crazy, Stupid, Love.' This 2011 cinematic gem blends heartfelt romance and laugh-out-loud moments. With a stellar cast and clever twists, it's a film recommendation you can't miss. Explore why this movie's poster encapsulates the hilarious yet tender journey of love. Visit Filmospere for more insights and uncover your next favorite cinema experience!",https://filmospere.com/movie/crazy-stupid-love-2011,https://image.tmdb.org/t/p/original/p4RafgAPk558muOjnBMHhMArjS2.jpg,Best Movies to Watch,2026-02-02T15:30:00
Relive the Magic: Why 2005's Ben 10 is a Must-Watch!,"Journey back to 2005 with the beloved 'Ben 10'! This Cinema classic is a must on your Movies to Watch list with an impressive 8.2 rating. Discover the adventures and hidden gems that make this film a timeless favorite. Explore captivating scenes with our stunning Movie Poster and relive this amazing storyline. For more Film Recommendations and your next movie night inspiration, visit Filmospere today!",https://filmospere.com/movie/ben-10-2005,https://image.tmdb.org/t/p/original/eogRp6oAPK0SEvQmCrQ78LTlSdp.jpg,Best Movies to Watch,2026-02-02T20:30:00
Discover 'The Hand of God': A 2021 Cinematic Journey,"Immerse yourself in the captivating world of 'The Hand of God', a 2021 masterpiece that's a must-watch for cinema lovers. With a gripping narrative guaranteed to stir emotions, it's a top pick in our Film Recommendation list. Perfect for those searching for Movies to Watch, this film captures the essence of life’s unpredictability. Explore more on Filmospere, where every Movie Poster tells a story worth remembering. Dive into the world of cinema today!",https://filmospere.com/movie/the-hand-of-god-2021,https://image.tmdb.org/t/p/original/kreVxr5moB7K52IGGV1BGAn6nq1.jpg,Best Movies to Watch,2026-02-03T00:30:00
Unforgettable Cinematic Journey: Why 'Come and See' is a Must-Watch Classic,"Embark on a heart-wrenching journey with the powerful 1985 film 'Come and See'. Rated 8.2/10, this cinematic masterpiece immerses viewers into the harsh realities of war, leaving a profound impact. If you're searching for unforgettable movies to watch, this is an essential film recommendation. Check out the iconic movie poster and discover more about this captivating genre at Filmospere. Don't miss the chance to explore one of the most gripping experiences in cinema history!",https://filmospere.com/movie/come-and-see-1985,https://image.tmdb.org/t/p/original/qNbMsKVzigERgJUbwf8pKyZogpb.jpg,Best Movies to Watch,2026-02-03T03:30:00
Why 'The Help' is a Must-Watch Cinematic Journey,"Dive into the world of 1960s Mississippi with 'The Help', a movie that brilliantly captures courage and friendship. With a stellar 8.2/10 rating, it's a film recommendation you don't want to miss. Curious about iconic movie posters or looking for captivating movies to watch? Visit Filmospere for more insights. Explore the heartwarming tales of these brave women in this must-see Cinema gem. Your next favorite film awaits!",https://filmospere.com/movie/the-help-2011,https://image.tmdb.org/t/p/original/3kmfoWWEc9Vtyuaf9v5VipRgdjx.jpg,Best Movies to Watch,2026-02-03T11:30:00
Transformers: Dark of the Moon - Unpack the Thrills!,"Dive into the electrifying action of 'Transformers: Dark of the Moon', where epic battles reshape destinies! A must-watch cinema spectacle, this 2011 film brings robotic duels to life with groundbreaking visuals. Whether you're curating Movies to Watch or searching for Film Recommendations, our Movie Poster insights will captivate you. Join Filmospere's community of movie lovers and explore more gems today!",https://filmospere.com/movie/transformers-dark-of-the-moon-2011,https://image.tmdb.org/t/p/original/28YlCLrFhONteYSs9hKjD1Km0Cj.jpg,Best Movies to Watch,2026-02-03T15:30:00
Discover the Timeless Brilliance of Stargate SG-1: A Sci-Fi Classic,"Embark on an interstellar adventure with Stargate SG-1, the 1997 cinema gem rated at 8.3/10! Dive into an epic journey beyond the stars and explore why this series is a must-see for sci-fi fans and movie lovers. Looking for 'Movies to Watch'? This film recommendation is not to be missed. Check out the captivating movie poster and uncover more about this genre classic at Filmospere, your ultimate guide to unforgettable films. Start your viewing quest today!",https://filmospere.com/movie/stargate-sg-1-1997,https://image.tmdb.org/t/p/original/dQjmI7XxI47v8IM2MUysHG0LuU2.jpg,Best Movies to Watch,2026-02-03T20:30:00
Discover 'The Family Plan': 2023's Must-Watch Cinema Experience!,"Dive into 'The Family Plan', one of 2023's top movies to watch! With a 7.2/10 rating, this cinematic gem promises an unforgettable journey full of twists. Looking for your next film recommendation? This movie is sure to entertain and engage viewers across all genres. Be sure to check out the movie poster and more engaging insights on Filmospere. Join fellow cinephiles in exploring this must-watch sensation — your movie night just found its star!",https://filmospere.com/movie/the-family-plan-2023,https://image.tmdb.org/t/p/original/jLLtx3nTRSLGPAKl4RoIv1FbEBr.jpg,Best Movies to Watch,2026-02-04T00:30:00
Uncover the Mystery: The Cabinet of Dr. Caligari (1920),"Step into the visually stunning world of silent cinema with 'The Cabinet of Dr. Caligari'. This classic is a must-watch for any film lover seeking captivating movies to watch. Known for its groundbreaking set design, it’s a film recommendation that still intrigues today. Explore more unique movie posters and timeless gems on Filmospere. Discover why this film is a hallmark of the genre and let your cinematic journey begin!",https://filmospere.com/movie/the-cabinet-of-dr-caligari-1920,https://image.tmdb.org/t/p/original/myK9DeIsXWGKgUTZyGXg2IfFk0W.jpg,Best Movies to Watch,2026-02-04T03:30:00
Unveiling Argo: A Gripping True Story Thriller Worth Watching,"Looking for thrilling movies to watch? Dive into 'Argo' (2012), a high-stakes cinema gem ranked 7.3/10. With a plot that unfolds the real-life incredible rescue mission during a hostage crisis, this flick is a must-watch for movie enthusiasts. Explore the world of espionage and suspense woven masterfully by director Ben Affleck. Discover more captivating film recommendations and unique insights on Filmospere. Don't miss adding its iconic movie poster to your collection!",https://filmospere.com/movie/argo-2012,https://image.tmdb.org/t/p/original/m5gPWFZFIp4UJFABgWyLkbXv8GX.jpg,Best Movies to Watch,2026-02-04T11:30:00
Ocean's Eight: A Star-Studded Heist You Can't Miss,"Dive into the thrilling world of Ocean's Eight! This 2018 cinema gem promises an exhilarating ride full of twists, style, and suspense. Looking for movies to watch with clever narratives? Ocean's Eight is a top film recommendation that brilliantly showcases female empowerment. Discover more about this must-see movie poster and other cinema treasures on Filmospere. Uncover heist plans, friendships, and fashion all in one glittering package! #MoviesToWatch #FilmRecommendation",https://filmospere.com/movie/ocean-s-eight-2018,https://image.tmdb.org/t/p/original/MvYpKlpFukTivnlBhizGbkAe3v.jpg,Best Movies to Watch,2026-02-04T15:30:00
Unlock the Mysteries of 'Manifest' – A Must-Watch Cinematic Journey,"Discover why 'Manifest' is a cinematic experience you can't miss! Released in 2018 with a solid 7.6/10 rating, this movie is a hidden gem perfect for your 'Movies to Watch' list. Dive into a world of suspense and thrill that cinema lovers crave. Seeking your next Film Recommendation? Look no further. Visit Filmospere for the latest updates, insights, and the ultimate Movie Poster collection that captures the essence of true cinema adventures!",https://filmospere.com/movie/manifest-2018,https://image.tmdb.org/t/p/original/eTemCphrglLKrXOsNRhYezHA7H9.jpg,Best Movies to Watch,2026-02-04T20:30:00
Why 'How to Get Away with Murder' is a Must-Watch Legal Thriller,"Discover the gripping world of high-stakes drama and legal intrigue with 'How to Get Away with Murder' (2014) in this compelling cinema gem. With a 7.8/10 rating, it's one of those must-see Movies to Watch. Dive into the complex world of law and crime that's anything but ordinary. Catch the Movie Poster on Filmospere and add this to your Film Recommendation list today. Join other movie lovers and experience a thrilling genre masterpiece!",https://filmospere.com/movie/how-to-get-away-with-murder-2014,https://image.tmdb.org/t/p/original/bJs8Y6T88NcgksxA8UaVl4YX8p8.jpg,Best Movies to Watch,2026-02-05T00:30:00
Discover 'Piper': The 2016 Cinema Delight You Can't Miss!,"Looking for Movies to Watch? Experience 'Piper' - a charming 2016 gem rated 8.1/10 that's taking the Cinema world by storm. Despite the lack of an overview, this film captivates with its stunning visuals and heartwarming plot. A perfect Film Recommendation, discover why 'Piper' has earned rave reviews. Dive into the allure of this Movie Poster and join fellow enthusiasts in uncovering hidden cinematic treasures. Explore more on Filmospere for similar film delights!",https://filmospere.com/movie/piper-2016,https://image.tmdb.org/t/p/original/5fu2d809jepLwEpES7wggiECLoQ.jpg,Best Movies to Watch,2026-02-05T03:30:00
Must Watch: Spotlight - Uncover the Truth of Journalism's Finest Hour,"Calling all cinema lovers! Discover why 'Spotlight' is a must-watch movie that brings investigative journalism to life with a compelling storyline. Rated 7.8/10, this 2015 film uncovers the gripping truth behind a real-life scandal. Whether you're seeking film recommendations or searching for your next movie poster, add this to your Movies to Watch list! Dive deeper into the magic of cinema at Filmospere. Join the conversation and enjoy the ride!",https://filmospere.com/movie/tmdb-tmdb-314365,https://image.tmdb.org/t/p/original/8DPGG400FgaFWaqcv11n8mRd2NG.jpg,Best Movies to Watch,2026-02-05T11:30:00
Discover the Thrilling Secrets of 10 Cloverfield Lane!,"Looking for suspense-packed movies to watch? Dive into the mystery of 10 Cloverfield Lane, a gripping cinema masterpiece filled with unexpected twists. Uncover why this film is a must-watch for every movie enthusiast. Check out the iconic movie poster and let Filmospere guide you to this thrilling film recommendation that will keep you on the edge of your seat!",https://filmospere.com/movie/10-cloverfield-lane-2016,https://image.tmdb.org/t/p/original/84Dhwz93vCin6T1PX6ctSvWEuNE.jpg,Best Movies to Watch,2026-02-05T15:30:00
Discover 'Homeland': A Riveting 2011 Cinema Gem You Can't Miss,"Looking for movies to watch that captivate and intrigue? Dive into 'Homeland', a 2011 cinema classic with a gripping storyline and a solid 7.4/10 rating! Perfect for film enthusiasts, this movie recommendation promises suspense and a compelling plot. Check out the movie poster for a sneak peek and explore more on Filmospere for an unforgettable viewing experience!",https://filmospere.com/movie/homeland-2011,https://image.tmdb.org/t/p/original/6GAvS2e6VIRsms9FpVt33PsCoEW.jpg,Best Movies to Watch,2026-02-05T20:30:00
Must Watch: I Want to Eat Your Pancreas - A Poignant Tale of Friendship,"Looking for heart-touching movies to watch? 'I Want to Eat Your Pancreas' is a captivating cinema experience! With an impressive 8.2/10 rating, this 2018 film beautifully explores the unlikely friendship between two high school students with life-altering revelations. Discover more about this hidden gem on Filmospere. Don't miss the movie poster and explore more film recommendations that cinema lovers adore!",https://filmospere.com/movie/i-want-to-eat-your-pancreas-2018,https://image.tmdb.org/t/p/original/qDWA7fB4cZ4sBP6YgwlxvraDHi7.jpg,Best Movies to Watch,2026-02-06T00:30:00
Must Watch Thriller: The Ministry of Ungentlemanly Warfare 2024 Review,"Uncover the thrilling narrative in ""The Ministry of Ungentlemanly Warfare"" – a 2024 cinema gem rated 7.0/10. This is no ordinary movie; it's a captivating tale that leaves you on edge. Looking for Movies to Watch? Add this Film Recommendation to your list now! Curious about the stunning Movie Poster? Dive into more details about this cinematic masterpiece at Filmospere. Your next movie night just got more exciting!",https://filmospere.com/movie/the-ministry-of-ungentlemanly-warfare-2024,https://image.tmdb.org/t/p/original/8aF0iAKH9MJMYAZdi0Slg77RYa2.jpg,Best Movies to Watch,2026-02-06T03:30:00
Unleash the Fun: Hidden Charms of 'The Secret Life of Pets',"Ever wondered what your pets do when you're not home? Discover the hilarious antics in 'The Secret Life of Pets', a must-see cinema gem with a family-friendly 6.3/10 rating. Ideal for your list of Movies to Watch with kids! Dive into this animated adventure and see why it's a Film Recommendation favorite. Check out our exclusive Movie Poster and explore more hidden film treasures on Filmospere. Don't miss this joyously entertaining movie experience!",https://filmospere.com/movie/the-secret-life-of-pets-2016,https://image.tmdb.org/t/p/original/bc3rCMgP4bbxNqGQCRlpJyU8otF.jpg,Best Movies to Watch,2026-02-06T15:30:00
Uncover Thrills: Must Watch 'Tom Clancy's Jack Ryan' Series!,"Dive into the exhilarating world of espionage with 'Tom Clancy's Jack Ryan' (2018)! This gripping series offers dynamic twists, perfect for any movie lover seeking their next binge-worthy adventure. Perfect for the 'Movies to Watch' list, this action-packed saga is more than a film recommendation—it's an experience! Check out the captivating movie poster and discover why this cinema gem ranks high on Filmospere! Don't miss out on Jack Ryan's thrilling journey today!",https://filmospere.com/movie/tom-clancy-s-jack-ryan-2018,https://image.tmdb.org/t/p/original/cO4py3L3q5GNPrA0qr1wVDrosK1.jpg,Best Movies to Watch,2026-02-06T20:30:00
Discover 'Aftersun': The Underrated Cinematic Gem of 2022,"Dive into the mesmerizing world of 'Aftersun', a 2022 movie that every cinema lover should add to their 'Movies to Watch' list. With a stellar 7.7/10 rating, this film promises an intriguing experience. Explore the depth of storytelling without spoilers, and check out the captivating movie poster. For a deeper dive into movie recommendations and cinematic treasures like this one, visit Filmospere today!",https://filmospere.com/movie/aftersun-2022,https://image.tmdb.org/t/p/original/evKz85EKouVbIr51zy5fOtpNRPg.jpg,Best Movies to Watch,2026-02-07T00:30:00
Must Watch: Perfect Days - 2023's Cinematic Marvel,"Dive into the visual beauty of 'Perfect Days' (2023), a standout in modern cinema. With a 7.8/10 rating, this gem tops your Movies to Watch list. If you crave a film that leaves lasting impressions without revealing its mystery, this is it. Discover why true movie-lovers call it a classic. Check out this Film Recommendation and explore more on Filmospere. Don't miss the stunning Movie Poster and join the conversation with fellow enthusiasts!",https://filmospere.com/movie/perfect-days-2023,https://image.tmdb.org/t/p/original/tvUHVSTJV9ITON3oyHaWp7oaAc8.jpg,Best Movies to Watch,2026-02-07T03:30:00
Chappie: Explore the Underrated 2015 Sci-Fi Sensation!,"Discover the 2015 sci-fi gem Chappie – a thrilling journey into the world of rogue AI and humanity's future. Rated 6.8/10, this film's unique take on artificial intelligence makes it a must-watch for any cinema enthusiast. Looking for movies to watch that intrigue and inspire? Dive into Chappie's world. Don't miss the exclusive insights and stunning movie poster at Filmospere. Your ultimate film recommendation source awaits!",https://filmospere.com/movie/chappie-2015,https://image.tmdb.org/t/p/original/uuDUpzlMFomdSfNWlpEPS9nVZWV.jpg,Best Movies to Watch,2026-02-07T11:30:00
Thor: Love and Thunder - A Must-See 2022 Marvel Extravaganza!,"Discover why 'Thor: Love and Thunder' is one of the must-watch movies of 2022. This genre-bending cinema experience combines humor, action, and heart in uniquely unexpected ways. Intrigued by Marvel's latest twists? Check out the spectacular movie posters and more on Filmospere. Get your next film recommendation from a fellow movie-lover. Don't miss this electrifying gem on your 'Movies to Watch' list!",https://filmospere.com/movie/thor-love-and-thunder-2022,https://image.tmdb.org/t/p/original/pIkRyD18kl4FhoCNQuWxWu5cBLM.jpg,Best Movies to Watch,2026-02-07T15:30:00
Discover Why 'Victorious' is 2010's Hidden Gem You Need to See!,"Looking for captivating movies to watch? Rated 8.2/10, 'Victorious' from 2010 offers a unique cinematic journey unlike any other! Dive into this incredible film that promises to leave you wanting more. With stunning visuals and a compelling narrative, it's a must-watch for any cinema aficionado. Explore the movie poster and gain insights at Filmospere—your go-to source for movie recommendations and more. Don't miss out on this film recommendation!",https://filmospere.com/movie/victorious-2010,https://image.tmdb.org/t/p/original/ulzaIIXNpeMUdhzuooQoOb5cXLD.jpg,Best Movies to Watch,2026-02-07T20:30:00
Rediscover Battlestar Galactica: A Sci-Fi Classic with a 2004 Twist,"Seeking top-tier Movies to Watch? Dive into Battlestar Galactica—a Cinema masterpiece with an impressive 8.2/10 rating from 2004. Imagine a universe where humanity's survival hangs by a thread, and the stakes just keep rising! Perfect for your next film night. For more epic Film Recommendations and stunning Movie Posters, visit Filmospere. Your go-to for all things Film!",https://filmospere.com/movie/battlestar-galactica-2004,https://image.tmdb.org/t/p/original/99PJSbcO2LeM10uOGWeFihNp77j.jpg,Best Movies to Watch,2026-02-08T00:30:00
Must Watch: '24' - Uncover 2001's Hidden Cinema Gem,"Dive into the thrilling world of '24' with its intriguing plotlines and engaging suspense that keep you guessing. With a rating of 7.8, this 2001 cinema gem is a must-see for thrill-seekers and movie lovers alike. Curate your 'Movies to Watch' list with this Filmospere recommendation! Don’t miss the chance to explore its cinematic brilliance, adorned with a captivating movie poster. Join us at Filmospere.com to uncover more film recommendations and discover your next favorite movie adventure!",https://filmospere.com/movie/24-2001,https://image.tmdb.org/t/p/original/iq6yrZ5LEDXf1ArCOYLq8PIUBpV.jpg,Best Movies to Watch,2026-02-08T03:30:00
Must Watch: Friends with Benefits - A Modern Romantic Comedy Gem!,"Looking for movies to watch? Dive into 'Friends with Benefits' (2011) - a fresh take on romantic comedy that blends humor with heartfelt moments. This film recommendation is a must for cinema lovers craving a modern twist on love stories. Check out the engaging movie poster, and explore why this film deserves a spot on your list. Visit Filmospere for more insights and become part of the movie-loving community!",https://filmospere.com/movie/friends-with-benefits-2011,https://image.tmdb.org/t/p/original/nKhhDFCdzxeJ3GUunQ570LDpUkz.jpg,Best Movies to Watch,2026-02-08T11:30:00
Discover the Thrills of 'Focus': A Cinematic Experience You Can't Miss,"Searching for captivating movies to watch? Dive into 'Focus' (2015), a thrilling entry in the cinema genre. Join seasoned con artist Nicky as he juggles dangerous secrets and high stakes. This film is a must-see for fans of intriguing twists and top-notch performances. Curious about the movie poster or film recommendations? Visit Filmospere for more insights and discover your next favorite flick. Elevate your watchlist today!",https://filmospere.com/movie/focus-2015,https://image.tmdb.org/t/p/original/lOzGWjceYTd0kd5HyX7Ch46O9kh.jpg,Best Movies to Watch,2026-02-08T15:30:00
"Unmissable Animation: Batman: The Dark Knight Returns, Part 1","Dive into the gripping world of Gotham in 'Batman: The Dark Knight Returns, Part 1'! This cinema masterpiece is a must-see for any movie lover seeking thrilling Movies to Watch. With a stellar 7.7/10 rating, this Film Recommendation is sure to captivate your imagination. Explore dynamic storytelling and dark animation in this iconic movie poster feature. Discover more exciting films on Filmospere & never miss a cinematic gem again!",https://filmospere.com/movie/batman-the-dark-knight-returns-part-1-2012,https://image.tmdb.org/t/p/original/7yAPPLZpTnPN7qb1qSCNuotQpew.jpg,Best Movies to Watch,2026-02-08T20:30:00
Experience the Hilarity: National Lampoon's Vacation Adventure,"Join the Griswolds on a wild cross-country trip in the 80s classic, National Lampoon's Vacation! As a top pick in 'Movies to Watch', this cinema gem explores the highs and lows of family road trips with laughs galore. Perfect for fans seeking a retro 'Film Recommendation’. Check out the iconic 'Movie Poster' and experience comedy gold with Filmospere. Craving a fun escape? Start your movie night with this must-watch gem!",https://filmospere.com/movie/national-lampoon-s-vacation-1983,https://image.tmdb.org/t/p/original/q3DvoqY06yZnRp9faH6uge7n7VP.jpg,Best Movies to Watch,2026-02-09T00:30:00
Discover 'Who Am I': An Intriguing 2014 Thriller You Can't Miss,"Looking for movies to watch that keep you on the edge of your seat? 'Who Am I' from 2014 offers a gripping plot filled with unexpected twists! Dive into this cinematic gem that's more than just a thriller. Perfect for any film recommendation list, the movie's intelligence and pace are astounding. Want a movie poster to capture the vibe? Visit Filmospere for more thrilling finds!",https://filmospere.com/movie/who-am-i-2014,https://image.tmdb.org/t/p/original/oR3tbNzJMJmCKS5O5fanU9yxIOk.jpg,Best Movies to Watch,2026-02-09T03:30:00
Discover the Enchanting Tale of 'Snow White and the Huntsman',"Dive into the magical, dark twist on a classic fairytale with 'Snow White and the Huntsman'. This gripping fantasy from 2012 is a must-see for those eager for cinema magic and compelling narratives. Perfect for your 'Movies to Watch' list! Don't miss the stunning visuals and captivating performances that redefine the beloved story. Explore more film recommendations on Filmospere, and transform your movie nights with enchanting adventures!",https://filmospere.com/movie/snow-white-and-the-huntsman-2012,https://image.tmdb.org/t/p/original/8HUa5kRubYbnAD5UVpnhTGGgMTW.jpg,Best Movies to Watch,2026-02-09T11:30:00
Deadpool & Wolverine: 2024's Epic Cinematic Clash You Can't Miss!,"Get ready for the ultimate face-off in 2024 with 'Deadpool & Wolverine'! This cinema masterpiece boasts a thrilling 7.6/10 rating and promises a perfect blend of humor, action, and drama. As a movie lover, this is a must-watch in our 'Movies to Watch' list! Discover why it's a top film recommendation in every genre fan's collection. Dive into more exciting movie insights at Filmospere. Don't forget to pin this striking movie poster to share the buzz!",https://filmospere.com/movie/deadpool-wolverine-2024,https://image.tmdb.org/t/p/original/8cdWjvZQUExUUTzyp4t6EDMubfO.jpg,Best Movies to Watch,2026-02-09T15:30:00
Discover the Charm: 2 Broke Girls - A Hidden Gem of Comedy,"Looking for movies to watch that guarantee laughter? '2 Broke Girls' from 2011 is a must-see comedy packed with wit and charm. A delightful addition to your cinema nights, this series hits all the right notes with its unique characters and hilarious plot twists. Perfect for a film recommendation, its engaging stories are complemented by a vibrant movie poster. Visit Filmospere.com for more on this beloved genre gem!",https://filmospere.com/movie/2-broke-girls-2011,https://image.tmdb.org/t/p/original/wW1SDEoZ6pDfnSkVQuXwOo8ICep.jpg,Best Movies to Watch,2026-02-09T20:30:00
Must Watch: Judas and the Black Messiah—A Riveting True Story,"Dive into the gripping tale of Judas and the Black Messiah—an essential 2021 cinema experience with a 7.3/10 rating. Perfect for your Movies to Watch list, it offers an intense exploration of betrayal and activism. Browse through striking Movie Posters and find great Film Recommendations on Filmospere. Discover why this film is a must-see and discuss its impact with fellow enthusiasts. Head over to Filmospere for more on this captivating genre and other cinematic gems!",https://filmospere.com/movie/judas-and-the-black-messiah-2021,https://image.tmdb.org/t/p/original/iIgr75GoqFxe1X5Wz9siOODGe9u.jpg,Best Movies to Watch,2026-02-10T00:30:00
Discover the Mastery of Cinema: Why 'All About Eve' Shines,"Dive into classic cinema with 'All About Eve', a must-watch masterpiece from 1950. With an 8.1/10 rating, this iconic film offers drama that's perfect for your Movies to Watch list. Featuring unforgettable performances, it's a Film Recommendation you won't want to miss. Get inspired by the vintage Movie Poster and explore more on Filmospere. Don't just watch movies; experience a part of film history!",https://filmospere.com/movie/all-about-eve-1950,https://image.tmdb.org/t/p/original/blBzZaatPWVuWpXEnPscMA4Xp6m.jpg,Best Movies to Watch,2026-02-10T03:30:00
Discover the Adventure: The Secret Life of Walter Mitty Must Watch!,"Embark on an extraordinary adventure with 'The Secret Life of Walter Mitty' (2013). This captivating film takes you through a journey beyond the ordinary, filled with breathtaking moments and surprising twists. If you're compiling your list of Movies to Watch, this Film Recommendation should be at the top. Check out the movie poster and dive into this cinematic adventure. Curious for more? Explore at Filmospere, your gateway to discovering the best in Cinema!",https://filmospere.com/movie/the-secret-life-of-walter-mitty-2013,https://image.tmdb.org/t/p/original/tY6ypjKOOtujhxiSwTmvA4OZ5IE.jpg,Best Movies to Watch,2026-02-10T11:30:00
Must Watch: 'Nobody' - Hidden Action Thriller Like No Other!,"Discover why 'Nobody' (2021) is causing a stir among action thriller fans! This movie delivers intense scenes and unexpected twists, positioning it as a must-watch cinema experience. If you're listing new Movies to Watch or seeking a thrilling Film Recommendation, 'Nobody' won't disappoint. Dive into the gripping world of this story. Check out the Movie Poster for a glimpse and visit Filmospere for more cinema insights. Don't miss out on this captivating film!",https://filmospere.com/movie/nobody-2021,https://image.tmdb.org/t/p/original/oBgWY00bEFeZ9N25wWVyuQddbAo.jpg,Best Movies to Watch,2026-02-10T15:30:00
Explore the Epic Adventure: Why 'The Sea Beast' is a 2022 Must-See!,"Looking for an exciting Cinema adventure? Don't miss 'The Sea Beast'—one of the most thrilling movies to watch in 2022! With a stellar rating of 7.3/10, it's perfect for your film recommendation list. Dive into the movie poster’s captivating world and embark on an unforgettable journey. Join us at Filmospere for more hidden gems and must-watch films. Grab some popcorn and enjoy this cinematic treasure today!",https://filmospere.com/movie/the-sea-beast-2022,https://image.tmdb.org/t/p/original/9Zfv4Ap1e8eKOYnZPtYaWhLkk0d.jpg,Best Movies to Watch,2026-02-10T20:30:00
Unveiling 'The Art of Racing in the Rain': A Must-Watch Cinematic Gem,"Dive into the heartwarming journey of 'The Art of Racing in the Rain,' a must-watch for any movie lover. This 2019 cinema masterpiece, rated 8.2/10, intertwines the power of love, loss, and canine wisdom against the backdrop of life's races. Perfect for your 'Movies to Watch' list, don't miss this film recommendation. Explore stunning movie posters and more insights on Filmospere, your destination for cinephile discoveries. What journey will this film take you on?",https://filmospere.com/movie/the-art-of-racing-in-the-rain-2019,https://image.tmdb.org/t/p/original/mi5VN4ww0JZgRFJIaPxxTGKjUg7.jpg,Best Movies to Watch,2026-02-11T00:30:00
Discover the Intrigue: Must Watch 'Lie to Me' - The Ultimate Cinema Experience,"Looking for engrossing Movies to Watch? Don't miss 'Lie to Me' (2009), a Cinema experience that captivates with its mind-bending mysteries and got a 7.9/10 rating. Perfect for those Film Recommendation nights, this movie will keep you guessing. Dive deep into this thrilling narrative and explore the secrets hidden within. Discover more cinematic gems only on Filmospere! Check out the captivating Movie Poster and make 'Lie to Me' your next movie night pick.",https://filmospere.com/movie/lie-to-me-2009,https://image.tmdb.org/t/p/original/rrTeGVXHqppoTUydoWV6bCzZs1W.jpg,Best Movies to Watch,2026-02-11T03:30:00
Uncover the Mysteries in 'Valerian': A Sci-Fi Gem Worth Watching!,Dive into the visually stunning universe of 'Valerian and the City of a Thousand Planets'! This 2017 sci-fi marvel is a must-watch for cinema lovers seeking thrilling adventures. Explore the enigmatic city teeming with intriguing life forms and breathtaking visuals. Looking for movies to watch? Let Filmospere guide you with top film recommendations and mesmerizing movie posters. Discover why 'Valerian' deserves a spot on your watchlist!,https://filmospere.com/movie/valerian-and-the-city-of-a-thousand-planets-2017,https://image.tmdb.org/t/p/original/vlc95gl3PtrjxSEuM8RhTtSm2xU.jpg,Best Movies to Watch,2026-02-11T11:30:00
Thrilling Cinema to Watch: Don't Breathe Will Leave You Breathless,"Looking for nail-biting movies to watch? 'Don't Breathe' delivers non-stop suspense and heart-pounding thrills. Released in 2016 and boasting a solid 7.0/10 rating, this cinema gem is a must-watch for thrill-seekers. Perfect for your next movie night, grab the movie poster and immerse yourself in the tension. Discover more exciting film recommendations on Filmospere, where movie lovers meet. Dive in and feel the adrenaline rush!",https://filmospere.com/movie/don-t-breathe-2016,https://image.tmdb.org/t/p/original/dSxHyPZ2nipSfvdft4IhQKjk5eZ.jpg,Best Movies to Watch,2026-02-11T15:30:00
Dive Into Action: Why SEAL Team (2017) Is a Must-Watch,"Looking for movies to watch that pack a punch? Discover SEAL Team, a gripping 2017 cinema gem! With an impressive 8.0/10 rating, this film recommendations are a perfect mix of thrill and drama that will captivate any movie lover. Explore more posters and insights at Filmospere, your ultimate destination for movie inspiration. Don't miss the intense action and compelling storytelling that make this movie a standout. Check out Filmospere for more film recommendations today!",https://filmospere.com/movie/seal-team-2017,https://image.tmdb.org/t/p/original/6iSnec83UEMgLOXAtGYwaVNHLjR.jpg,Best Movies to Watch,2026-02-11T20:30:00
Must Watch: Jujutsu Kaisen 0 - Unveiling Hidden Cinema Magic,"Looking for spellbinding Movies to Watch? Dive into the thrilling world of 'Jujutsu Kaisen 0', where mysterious curses meet intense battles. This 2021 cinematic gem, rated 8.1/10, is bound to satisfy both anime lovers and cinema fans alike. Get your Movie Poster ready as you explore this unmissable Film Recommendation. Visit Filmospere for more captivating movie insights. Your next movie night awaits!",https://filmospere.com/movie/jujutsu-kaisen-0-2021,https://image.tmdb.org/t/p/original/23oJaeBh0FDk2mQ2P240PU9Xxfh.jpg,Best Movies to Watch,2026-02-12T00:30:00
Embark on A Dog's Journey: Must-Watch Heartwarming Tale,"Uncover the touching adventure of 'A Dog's Journey' (2019), a must-watch cinema gem rated 8.1/10. When a loyal dog sets out to find its way back to family, every pawprint tells a heartwarming story of loyalty and love. Don't miss this Filmospere recommendation, perfect for your 'Movies to Watch' list. Explore the captivating movie poster and dive into the world of this unforgettable film. Join us at Filmospere to discover more film recommendations today!",https://filmospere.com/movie/a-dog-s-journey-2019,https://image.tmdb.org/t/p/original/wquJChp0NpoqthYdE3YjXNNxvVC.jpg,Best Movies to Watch,2026-02-12T03:30:00
Why 'Hercules' (1997) is a Underrated Disney Classic,"Embark on a legendary journey with Disney's 'Hercules' (1997), a cinematic gem with a 7.5/10 rating you can't miss! If you're on the hunt for compelling Movies to Watch, this film delivers heroics and humor in a delightful animation style. Its unique take on Greek mythology makes it a top-tier Film Recommendation. Discover intricate details in the Movie Poster only at Filmospere. Dive into the Cinema world and rekindle your love for timeless animated adventures today!",https://filmospere.com/movie/tmdb-tmdb-11970,https://image.tmdb.org/t/p/original/dK9rNoC97tgX3xXg5zdxFisdfcp.jpg,Best Movies to Watch,2026-02-12T11:30:00
Must Watch: Sully - A Gripping Tale of True Heroism,"Looking for Movies to Watch that inspire? 'Sully' is a heart-stopping 2016 cinematic experience that explores an extraordinary real-life aviation miracle. This Film Recommendation not only captures the gripping events but also delves into the human spirit of heroism. Dive into the Movie Poster lore and feel the suspense only Cinema can deliver. Discover more hidden gems at Filmospere.com, your go-to for every movie lover's journey.",https://filmospere.com/movie/sully-2016,https://image.tmdb.org/t/p/original/4vs83YcJ8TsabADDtaeCJ6ZTjYY.jpg,Best Movies to Watch,2026-02-12T15:30:00
Discover the courtroom drama of 'Witness for the Prosecution',"Looking for thrilling Movies to Watch? Step into the riveting 1957 classic 'Witness for the Prosecution'. This cinematic masterpiece offers unexpected twists that keep you guessing! As you explore iconic scenes and its gripping narrative, add this Film Recommendation to your must-watch list. Visit Filmospere for a deeper dive and marvel at timeless Movie Posters that capture the film's essence. A must-see for true Cinema enthusiasts!",https://filmospere.com/movie/witness-for-the-prosecution-1957,https://image.tmdb.org/t/p/original/bCj4EfuehAlgBwVd3diyWyhuuau.jpg,Best Movies to Watch,2026-02-12T20:30:00
Discover Why 'Foundation' Is 2021's Must-Watch Sci-Fi Series!,"Looking for captivating Movies to Watch? Dive into 'Foundation', the 2021 Sci-Fi wonder rated 7.7/10! Unravel the epic saga of a Galactic Empire's destiny. Perfect for any Cinema enthusiast seeking a fresh Film Recommendation. Don't miss out on the stunning visuals and gripping storyline captured in our exclusive Movie Poster. Visit Filmospere for more cinematic gems and share your thoughts with fellow movie lovers!",https://filmospere.com/movie/foundation-2021,https://image.tmdb.org/t/p/original/tg9I5pOY4M9CKj8U0cxVBTsm5eh.jpg,Best Movies to Watch,2026-02-13T00:30:00
Discover the Buzz: Why 'New Girl' (2011) is a Must Watch!,"Looking for movies to watch? 'New Girl' (2011), with its refreshing cinema vibes, is a hidden gem with a 7.4 rating. Dive into its intriguing world even without an overview, and let your imagination take flight. Filmospere invites you to explore this movie poster and enjoy a unique film recommendation that stands out in the genre. Click to uncover why this film should be your next movie night choice!",https://filmospere.com/movie/new-girl-2011,https://image.tmdb.org/t/p/original/v5S58vtEV0fM0Chf9Pws9yfXOXT.jpg,Best Movies to Watch,2026-02-13T03:30:00
Unmasking 'Green Lantern': A Cinematic Experience Worth Revisiting,"Looking for Movies to Watch this week? Discover why 'Green Lantern' may be an underrated gem in the Cinema genre. While it originally received a lukewarm reception, its unique take on a classic superhero tale offers hidden depths worth exploring. Dive into Filmospere's Film Recommendation for an adventurous journey through intergalactic challenges. Don't miss out on the iconic Movie Poster art either—perfect for any superhero fan's collection. Join us on Filmospere for more!",https://filmospere.com/movie/green-lantern-2011,https://image.tmdb.org/t/p/original/fj21HwUprqjjwTdkKC1XZurRSpV.jpg,Best Movies to Watch,2026-02-13T11:30:00
Must Watch Sci-Fi: Dune: Part Two - Cinematic Wonders Await in 2024,"Discover why 'Dune: Part Two' ranks as a top Movies to Watch in 2024! With a gripping continuation of the legendary saga, this Cinema experience promises thrills and depth. As Film Recommendation from Filmospere, this Film's unique vision and highly rated narrative are a must for any genre enthusiast. Dive into the world of Arrakis with an upcoming Movie Poster that's set to captivate. Check out Filmospere for more!",https://filmospere.com/movie/dune-part-two-2024,https://image.tmdb.org/t/p/original/1pdfLvkbY9ohJlCjQH2CZjjYVvJ.jpg,Best Movies to Watch,2026-02-13T15:30:00
Why 'Leaving Las Vegas' is a Must-Watch Classic of the '90s,"Looking for captivating movies to watch? Dive into the emotional rollercoaster of 'Leaving Las Vegas', a 1995 cinema gem with a powerful performance by Nicolas Cage. A dark yet compelling portrayal of love and despair, it's a film recommendation for every true movie lover. Unearth striking insights and more on Filmospere. Explore this unforgettable movie poster and discover why this drama remains a standout in its genre. Join us on Filmospere for more engaging film recommendations!",https://filmospere.com/movie/leaving-las-vegas-1995,https://image.tmdb.org/t/p/original/wTrFpGe3U65kXTldIUxuM2hmOAK.jpg,Best Movies to Watch,2026-02-13T20:30:00
Discover the Heartfelt Drama: Must Watch 'This Is Us',"Looking for movies to watch that touch your heart deeply? Dive into the heartfelt drama 'This Is Us', rated 8.2/10 for its captivating story. This is not just cinema but an emotional journey through the lives of a unique family. Explore why it’s become a film recommendation favorite among fans. Check out the movie poster and more at Filmospere for your next binge-worthy movie night!",https://filmospere.com/movie/this-is-us-2016,https://image.tmdb.org/t/p/original/huxmY6Dmzwpv5Q2hnNft0UMK7vf.jpg,Best Movies to Watch,2026-02-14T00:30:00
"Must Watch: Batman - Dark Knight Returns, Part 2 Masterpiece","Experience the dark allure of Batman's world in 'The Dark Knight Returns, Part 2'. This standout piece of cinema from 2013 showcases a gripping storyline that every movie lover must see! Perfect for your 'Movies to Watch' list and a superb 'Film Recommendation' for lovers of comic book films. Check out the iconic 'Movie Poster' and dive into the intense world of Gotham. Visit Filmospere for more exciting movie insights and recommendations!",https://filmospere.com/movie/batman-the-dark-knight-returns-part-2-2013,https://image.tmdb.org/t/p/original/arEZYd6uMOFTILne9Ux0A8qctMe.jpg,Best Movies to Watch,2026-02-14T03:30:00
Discover the Epic World of How to Train Your Dragon!,"Embark on a breathtaking adventure in 'How to Train Your Dragon: The Hidden World' (2019), a must-watch gem. With its stunning visuals and heartwarming tale of friendship, it's perfect for your list of Movies to Watch. Dive into this cinematic masterpiece and get inspired by dragons like never before! Check out Filmospere for an exclusive Movie Poster and more Film Recommendations that every cinema lover will adore.",https://filmospere.com/movie/how-to-train-your-dragon-the-hidden-world-2019,https://image.tmdb.org/t/p/original/xvx4Yhf0DVH8G4LzNISpMfFBDy2.jpg,Best Movies to Watch,2026-02-14T11:30:00
Discover the Intensity: Why 'Dark Phoenix' Shines in Cinema,"Dive into an exhilarating saga with 'Dark Phoenix', a 2019 must-watch for any cinema aficionado. As tensions rise amidst the cosmos, witness breathtaking moments that redefine courage and loyalty. Perfect for those seeking thrilling movies to watch, this film blends action and drama seamlessly. Don't miss out on exploring the impact of this movie poster and complete film experience on Filmospere. Your next film recommendation awaits!",https://filmospere.com/movie/dark-phoenix-2019,https://image.tmdb.org/t/p/original/cCTJPelKGLhALq3r51A9uMonxKj.jpg,Best Movies to Watch,2026-02-14T15:30:00
Why Arrested Development (2003) is a Must-Watch Comedy Classic,"Dive into the quirky world of this 2003 comedy classic that redefined the genre. With its sharp humor and ensemble cast, 'Arrested Development' is more than just a show—it's a cult favorite. Looking for movies to watch that promise laughter? Don't skip this gem. Explore how this series became a pop-culture phenomenon on Filmospere. Grab the movie poster, get your popcorn, and prepare to embark on an unforgettable cinematic journey. Film Recommendation for every comedy lover!",https://filmospere.com/movie/arrested-development-2003,https://image.tmdb.org/t/p/original/p4r4RD7RsNcJVoz0H6z3dBoTBtW.jpg,Best Movies to Watch,2026-02-14T20:30:00
Must Watch: Unveil the Cinematic Magic of The Bear (2022),"Looking for Movies to Watch that truly captivate? Dive into 'The Bear' (2022), a gem of Cinema that seamlessly blends intensity and emotion. While its plot remains mysterious, this film's high rating of 8.2/10 speaks volumes! Explore the movie poster and discover why it's a top Film Recommendation on Filmospere. Embrace the allure of raw storytelling and join the cinematic conversation with fellow enthusiasts today!",https://filmospere.com/movie/the-bear-2022,https://image.tmdb.org/t/p/original/eKfVzzEazSIjJMrw9ADa2x8ksLz.jpg,Best Movies to Watch,2026-02-15T00:30:00
Cool Hand Luke: The Ultimate Underrated Cinema Gem of the 60s,"Discover why 'Cool Hand Luke' is a must-see for any cinema aficionado with an appreciation for classic films. Dive into the 1967 story of rebellion and resilience that has captivated audiences for decades. Perfect for adding to your Movies to Watch list, this film is an unforgettable journey. Explore iconic Movie Posters and more on Filmospere, your destination for the best Film Recommendations and cinematic insights!",https://filmospere.com/movie/cool-hand-luke-1967,https://image.tmdb.org/t/p/original/4ykzTiHKLamh3eZJ8orVICtU2Jp.jpg,Best Movies to Watch,2026-02-15T03:30:00
Dive into Allegiant: 2016’s Thrilling Sci-Fi Adventure!,"Looking for movies to watch that spark the imagination and heart? Discover Allegiant, a 2016 cinematic marvel, where secrets threaten the very fabric of a dystopian society. The film delivers gripping action and poignant moments, perfect for any movie lover's list of film recommendations. Check out the stunning movie poster and join the conversation on Filmospere for thrilling insights and more must-watch cinema gems!",https://filmospere.com/movie/allegiant-2016,https://image.tmdb.org/t/p/original/faq9JlF8znUGQ5p3En1W61Fi5p0.jpg,Best Movies to Watch,2026-02-15T11:30:00
Why 'Lion' Is a Hidden Gem You Must See in 2016 Cinema,"Ever felt lost in the world or within yourself? 'Lion' tells a moving true story that resonates on many levels making it a standout film in 2016 Cinema. This 8.0 rated movie is perfect for your 'Movies to Watch' list. Dive into a tale of family, hope, and the relentless pursuit of one's roots. Don't miss the enchanting 'Lion' movie poster, and discover why it's a top recommendation on Filmospere. Join us, fellow movie lover, and be inspired by this incredible film journey!",https://filmospere.com/movie/lion-2016,https://image.tmdb.org/t/p/original/iBGRbLvg6kVc7wbS8wDdVHq6otm.jpg,Best Movies to Watch,2026-02-15T15:30:00
Discover the Passion: Why Gabriel's Inferno: Part II is a Must Watch!,"Looking for captivating movies to watch on a cozy night? Gabriel's Inferno: Part II might just be the enthralling journey you need. With a rating of 8.4/10, this 2020 cinema treasure dives deep into a tale of love, secrets, and redemption. Check out Filmospere for more film recommendations and a sneak peek at this stunning movie poster. Dive into the world of cinema and let your heart be swept away by this unforgettable experience!",https://filmospere.com/movie/gabriel-s-inferno-part-ii-2020,https://image.tmdb.org/t/p/original/x5o8cLZfEXMoZczTYWLrUo1P7UJ.jpg,Best Movies to Watch,2026-02-15T20:30:00
Apokolips War: A Must-Watch for Dark Justice League Fans!,"Dive into the epic battle of 'Justice League Dark: Apokolips War'—a 2020 film that's a thrilling ride for cinema lovers. With an impressive rating of 8.2/10, this gripping tale is a top pick on our 'Movies to Watch' list. It's not just another superhero flick; it's a cinematic experience that defies the ordinary, showcasing unique narratives and stunning visuals. Visit Filmospere for the ultimate movie poster and more film recommendations that'll captivate your inner movie enthusiast!",https://filmospere.com/movie/justice-league-dark-apokolips-war-2020,https://image.tmdb.org/t/p/original/c01Y4suApJ1Wic2xLmaq1QYcfoZ.jpg,Best Movies to Watch,2026-02-16T00:30:00
Discover Why 'Station 19' is a Must-Watch Drama,"Searching for gripping Movies to Watch? Dive into 'Station 19', an exhilarating drama capturing hearts since 2018 with an impressive 8.2/10 rating. Though its overview might be elusive, the intense storyline unfolds within the thrilling world of fire-fighting, making it a standout in cinema. For more Film Recommendations and exclusive Movie Posters, visit Filmospere and join fellow movie lovers exploring hidden gems!",https://filmospere.com/movie/station-19-2018,https://image.tmdb.org/t/p/original/3gs9wBsvv1GJ3EzLheh5yGuTQis.jpg,Best Movies to Watch,2026-02-16T03:30:00
Why 'Uncharted' is a Must-Watch Adventure for Cinema Lovers!,Dive into a thrilling treasure hunt with 'Uncharted': a 2022 cinema gem with a 6.9 rating capturing the adventurous spirit! Looking for exciting Movies to Watch? This film combines action and mystery to keep you guessing. Don’t miss the captivating performances and stunning visuals. Visit Filmospere for a deeper dive into Film Recommendations and exclusive Movie Poster reveals. Perfect for those seeking thrilling cinema adventures!,https://filmospere.com/movie/uncharted-2022,https://image.tmdb.org/t/p/original/rJHC1RUORuUhtfNb4Npclx0xnOf.jpg,Best Movies to Watch,2026-02-16T11:30:00
Dive into Action: Why Kick-Ass 2 Deserves Your Attention!,"Looking for thrilling Movies to Watch? Kick-Ass 2 brings explosive action and comedic moments to the Cinema landscape, offering a wild ride that's both entertaining and refreshing. This Film Recommendation is for those who love a mix of humor and heroics! Catch a glimpse of the Movie Poster and discover why it's a must-watch. Explore more engaging films like this on Filmospere, your go-to movie guide!",https://filmospere.com/movie/kick-ass-2-2013,https://image.tmdb.org/t/p/original/1go2A3gdQjaMuHWquybgoJlQRcX.jpg,Best Movies to Watch,2026-02-16T15:30:00
Relive the Iconic 70s with That '70s Show: A Must-Watch Classic!,"Rediscover a slice of the 1970s with 'That '70s Show'! This cinematic treasure brings laughter and nostalgia with a charming ensemble cast and memorable moments. At a solid 7.9/10, it's among the top 'Movies to Watch' for a delightful throwback. Dive into this 'Film Recommendation', explore the vibrant 'Movie Poster', and feel the pulse of the 'Cinema' era. For more unforgettable picks, visit Filmospere and enhance your watchlist!",https://filmospere.com/movie/that-70s-show-1998,https://image.tmdb.org/t/p/original/laEZvTqM80UaplUaDSCCbWhlyEV.jpg,Best Movies to Watch,2026-02-16T20:30:00
Uncover the Mystery: Why 1974's Murder on the Orient Express Is a Must-Watch,"Embark on a thrilling journey with the classic 'Murder on the Orient Express'! A perfect blend of suspense and intrigue, this 1974 cinema masterpiece is a true gem for movie lovers. Looking for quality Movies to Watch or craving a gripping Film Recommendation? Dive into the mystery today! And don't miss the stunning Movie Poster. Head to Filmospere for more insights and let us fuel your movie adventures!",https://filmospere.com/movie/murder-on-the-orient-express-1974,https://image.tmdb.org/t/p/original/oJjKcuoH7SuiqZaEpHt2Nd5ZxNY.jpg,Best Movies to Watch,2026-02-17T00:30:00
Why 'Sweet Home' (2020) Deserves a Spot on Your Watchlist!,"Dive into the chilling and captivating world of 'Sweet Home'. With an impressive 8.3/10 rating, this 2020 gem is a cinema marvel you shouldn't miss. Looking for movies to watch? Here's a unique film recommendation that blends suspense and intrigue. Discover why 'Sweet Home' stands out in the Cinema genre. Check out the movie poster on Filmospere and explore more thrilling recommendations. Don’t miss this gripping journey into the unexpected!",https://filmospere.com/movie/sweet-home-2020,https://image.tmdb.org/t/p/original/ovLdkMclsr9NjkfRPgMaGDTHyGk.jpg,Best Movies to Watch,2026-02-17T03:30:00
Inside Out 2: Why This 2024 Emotional Journey is a Must-Watch!,"Get ready for another emotional rollercoaster with 'Inside Out 2'! This 2024 Cinema gem, rated 7.5/10, is perfect for your Movies to Watch list. Without giving too much away, prepare to experience a blend of laughter and tears. Dive inside the mind and explore new emotional adventures! Check the Movie Poster and add it to your Film Recommendation list. Discover more movie insights at Filmospere, the destination for every movie lover!",https://filmospere.com/movie/inside-out-2-2024,https://image.tmdb.org/t/p/original/vpnVM9B6NMmQpWeZvzLvDESb2QY.jpg,Best Movies to Watch,2026-02-17T11:30:00
Critically Flawed or Secretly Brilliant? Discover 2015's Fantastic Four!,"Looking for unique movies to watch? Dive into the extraordinary world of 2015's 'Fantastic Four'. Often overlooked, this cinema piece offers intriguing plot twists and unexpected storytelling. Unravel why it stands as a film recommendation worth considering. Check out the iconic movie poster and join in the discussion at Filmospere. Don't miss the chance to explore its underlying genius—discover what makes it a fantastic topic for movie-lovers everywhere!",https://filmospere.com/movie/fantastic-four-2015,https://image.tmdb.org/t/p/original/cDroz5qSlP8xZ6tOpeYoPkBvKyL.jpg,Best Movies to Watch,2026-02-17T15:30:00
Why 'Stepmom' is a Timeless Tear-Jerker You Can't Miss,"Discover why the 1998 classic 'Stepmom', starring Julia Roberts and Susan Sarandon, remains a must-watch in the realm of cinema. If you're on the hunt for movies to watch that tug at the heartstrings and raise poignant family dynamics, this film is a top recommendation. Explore this heartfelt story of unexpected bonds and emotional depth through our curated movie poster at Filmospere, your ultimate film guide. Don’t miss out on this iconic cinematic experience!",https://filmospere.com/movie/stepmom-1998,https://image.tmdb.org/t/p/original/wMPv2Yz6QDzv6YhSbaqM48Medl1.jpg,Best Movies to Watch,2026-02-17T20:30:00
Why You Can't Miss JoJo's Bizarre Adventure - A Cinematic Masterpiece,"Dive into the enigmatic world of 'JoJo's Bizarre Adventure' and discover why this 2012 gem with an 8.5/10 rating is a must-watch for every cinema enthusiast. Filled with captivating storytelling and unmatched cinematic flair, it ranks high on any 'Movies to Watch' list. Explore more film recommendations and see the stunning movie poster on Filmospere. Perfect for those seeking unique adventures in the film world. Don't miss out on this extraordinary experience!",https://filmospere.com/movie/jojo-s-bizarre-adventure-2012,https://image.tmdb.org/t/p/original/ogAWwbh3frWtiTyyXrZaVFtqCgp.jpg,Best Movies to Watch,2026-02-18T00:30:00
Why You Shouldn't Miss the Iconic iCarly - The TV Show Turned Classic,"Travel back to 2007 with the iconic show iCarly! With an impressive 8.0/10 rating, this cinema gem promises laughter and nostalgia. Ideal for anyone searching for Movies to Watch or eager for a Film Recommendation. Love the witty banter and comedic adventures that made it a family favorite. Check out the Movie Poster and dive into this classic on Filmospere. Our top pick for a timeless watch journey!",https://filmospere.com/movie/icarly-2007,https://image.tmdb.org/t/p/original/zswxst53aM8g2LysdVbtQNJAiKM.jpg,Best Movies to Watch,2026-02-18T03:30:00
Dive Into the Intrigue of 2018's Hidden Gem: Red Sparrow,"Looking for thrilling movies to watch? 'Red Sparrow' is a captivating spy tale that keeps you guessing till the end! Rated 6.5/10, this 2018 cinema masterpiece will intrigue any film lover with its suspenseful plot and bold performances. Visit Filmospere.com for more film recommendations and explore a dazzling collection of movie posters. Perfect for those who enjoy a touch of espionage in their binge-watching sessions!",https://filmospere.com/movie/red-sparrow-2018,https://image.tmdb.org/t/p/original/cdefNr6aS00IwVbSlxdFJnfmzKh.jpg,Best Movies to Watch,2026-02-18T11:30:00
Must Watch Adventure: The Magnificent Seven (2016) - An Epic Cinema Experience,"Discover why 'The Magnificent Seven' (2016) is a must-watch movie! This action-packed adventure brings together an eclectic band of heroes in a thrilling story of justice and redemption. As one of the exciting Movies to Watch from the year, it's a great Film Recommendation for fans of epic cinema. Explore the intense dynamics of its characters and stunning visuals. Visit Filmospere for insights and a peek at the Movie Poster. Don’t miss out on this thrilling ride!",https://filmospere.com/movie/the-magnificent-seven-2016,https://image.tmdb.org/t/p/original/ezcS78TIjgr85pVdaPDd2rSPVNs.jpg,Best Movies to Watch,2026-02-18T15:30:00
The Queen of Flow: An Underrated Cinematic Masterpiece,"Discover why 'The Queen of Flow' is a must-watch for cinema lovers and a hidden gem in the Movies to Watch category. With a captivating storyline that promises suspense and musical flair, this film has earned its 8.0/10 rating. Dive into Filmospere's ultimate Film Recommendation and explore the Movie Poster to glimpse its allure. Ready to add a fresh taste to your watchlist? Visit Filmospere for more insights and intriguing cinema picks!",https://filmospere.com/movie/the-queen-of-flow-2018,https://image.tmdb.org/t/p/original/fuVuDYrs8sxvEolnYr0wCSvtyTi.jpg,Best Movies to Watch,2026-02-18T20:30:00
Discover The Accountant²: The 2025 Masterclass in Cinema,"Dive into the thrilling world of The Accountant², a standout from 2025 that every cinema enthusiast must explore! This 7.1/10 masterpiece richly deserves a spot on your Movies to Watch list. As you explore Filmospere, catch a glimpse of its captivating Movie Poster and immerse yourself in an unforgettable Film Recommendation. Don't miss this chance to engage with a film that's set to redefine the genre of Cinema. Let Filmospere guide your next viewing adventure!",https://filmospere.com/movie/the-accountant-2025,https://image.tmdb.org/t/p/original/lUvfTcOZiK0sdcX0WNLPbMyKjGm.jpg,Best Movies to Watch,2026-02-19T00:30:00
Mutant Mayhem: Must-Watch 2023 Teenage Ninja Action,"Looking for movies to watch that combine action and nostalgia? Dive into the 2023 cinema adventure 'Teenage Mutant Ninja Turtles: Mutant Mayhem’. Rated 7.2/10, this film is a thrilling journey of your favorite pizza-loving heroes! Explore this exciting chapter and see why it's on our film recommendation list. Don't miss the official movie poster and insightful takes on Filmospere. Embrace your inner movie-lover and join the fun today!",https://filmospere.com/movie/teenage-mutant-ninja-turtles-mutant-mayhem-2023,https://image.tmdb.org/t/p/original/kbnhvFPyXKCKLNhg1pkz6rXQ4Le.jpg,Best Movies to Watch,2026-02-19T03:30:00
Why 'Game Night' is a Must-Watch Comedy Thrill Ride!,"Looking for movies to watch that blend comedy with a thrilling twist? 'Game Night' is your ticket to non-stop fun and surprises! Rated 6.8/10, this 2018 cinematic gem keeps you guessing as a group of friends’ game night turns into an unexpected real-life mystery. Explore this film recommendation and check out the movie poster on Filmospere.com where fellow movie-lovers gather for the latest in cinema excitement. Don't miss out on this unique genre mix!",https://filmospere.com/movie/game-night-2018,https://image.tmdb.org/t/p/original/85R8LMyn9f2Lev2YPBF8Nughrkv.jpg,Best Movies to Watch,2026-02-19T11:30:00
Discover 'Paul': The Sci-Fi Comedy You Didn't Know You Needed!,"Searching for Movies to Watch? 'Paul' (2011) is an underrated sci-fi gem that blends humor and adventure, following two geeks on a thrilling road trip with an alien. Perfect for cinema lovers and sure to tickle your funny bone! Don't miss this Film Recommendation. For a closer look at this Movie Poster and more, visit Filmospere for your next binge-worthy film!",https://filmospere.com/movie/paul-2011,https://image.tmdb.org/t/p/original/bX8TP2qRWh2OcmeUHGn1ENDkCu6.jpg,Best Movies to Watch,2026-02-19T15:30:00
Discover the Intrigue of 'White Collar': A Must-Watch 2009 Gem!,"Looking for captivating Movies to Watch? Dive into the world of 'White Collar'. With its 8.2/10 rating, this intriguing 2009 film offers a blend of mystery and charm in the Cinema genre. Whether you're after a gripping Film Recommendation or a stunning Movie Poster, 'White Collar' has it all. Uncover why this title is a standout in its year. Visit Filmospere for more movie magic and join the ultimate movie-lover's haven!",https://filmospere.com/movie/white-collar-2009,https://image.tmdb.org/t/p/original/417XNiGvdzCsG9kDnnQJYaBsIrx.jpg,Best Movies to Watch,2026-02-19T20:30:00
Why 'IF' Might Be 2024's Cinematic Dark Horse,"Searching for must-watch Movies to Watch in 2024? Dive into the intriguing world of 'IF', a 7.0 rated gem that promises a unique cinematic journey. While the overview remains a mystery, this Film Recommendation stands out in the Cinema genre. Discover what makes 'IF' a conversation starter for movie lovers. Check out the Movie Poster on Filmospere and join the buzz today!",https://filmospere.com/movie/if-2024,https://image.tmdb.org/t/p/original/xbKFv4KF3sVYuWKllLlwWDmuZP7.jpg,Best Movies to Watch,2026-02-20T00:30:00
Why RRR is 2022's Must-See Cinema Experience,Looking for epic movies to watch? Discover why RRR is a standout film with an impressive 7.7/10 rating. This cinematic marvel features breathtaking action and a compelling story that keeps audiences on the edge of their seats. Uncover what makes RRR a top-tier film recommendation for 2022. Dive into the world of Indian cinema and explore more on Filmospere. Don't miss this gem—check out the movie poster and more details today!,https://filmospere.com/movie/rrr-2022,https://image.tmdb.org/t/p/original/u0XUBNQWlOvrh0Gd97ARGpIkL0.jpg,Best Movies to Watch,2026-02-20T03:30:00